date,pm10,pm2_5,carbon_monoxide,nitrogen_dioxide,sulphur_dioxide,ozone,aerosol_optical_depth,dust,uv_index,us_aqi,european_aqi
2022-08-01,,,,,,,,,,,
2022-08-02,,,,,,,,,,,
2022-08-03,,,,,,,,,,,
2022-08-04,61.88947368421053,40.45789473684211,376.2105263157895,20.352631578947367,7.021052631578947,97.6842105263158,0.9831578947368421,10.68421052631579,2.0,,
2022-08-05,49.8125,34.65416666666667,469.4583333333333,23.383333333333336,5.166666666666667,91.125,0.86875,1.4583333333333333,0.6395833333333333,107.3157894736842,70.78947368421052
2022-08-06,53.53333333333333,37.19583333333333,475.2083333333333,27.870833333333334,7.608333333333333,88.375,0.6725,1.5,1.9312500000000001,102.20833333333333,67.58333333333333
2022-08-07,51.25,35.454166666666666,434.375,28.2375,7.9875,76.25,0.6845833333333333,1.9166666666666667,1.4083333333333332,104.875,70.04166666666667
2022-08-08,36.3375,24.8125,368.5,17.683333333333334,4.966666666666667,90.41666666666667,0.4379166666666667,2.625,1.9270833333333333,90.33333333333333,64.0
2022-08-09,49.21666666666667,30.59583333333333,341.0,13.395833333333334,6.45,92.25,0.4916666666666667,15.208333333333334,1.9791666666666667,86.04166666666667,63.208333333333336
2022-08-10,40.987500000000004,20.195833333333333,249.45833333333334,8.725,5.620833333333334,91.41666666666667,0.26666666666666666,35.833333333333336,2.3979166666666667,77.54166666666667,55.083333333333336
2022-08-11,38.5875,17.545833333333334,232.75,9.770833333333334,4.8,79.5,0.31,40.0,1.6395833333333334,63.041666666666664,41.166666666666664
2022-08-12,30.575,16.979166666666668,280.375,15.091666666666667,5.354166666666667,67.08333333333333,0.33166666666666667,20.5,1.0020833333333334,61.625,36.541666666666664
2022-08-13,22.075,13.566666666666668,244.29166666666666,14.341666666666667,4.408333333333333,50.0,0.16708333333333333,8.625,0.8500000000000001,57.666666666666664,31.041666666666668
2022-08-14,36.9625,22.991666666666664,334.4583333333333,19.966666666666665,5.875,48.041666666666664,0.31666666666666665,9.5,1.4458333333333335,58.5,33.75
2022-08-15,34.00416666666667,20.729166666666668,325.0,16.974999999999998,4.9750000000000005,70.25,0.34874999999999995,10.791666666666666,1.4479166666666667,75.625,55.625
2022-08-16,22.116666666666664,13.479166666666666,250.83333333333334,13.258333333333333,5.9624999999999995,55.083333333333336,0.25958333333333333,8.75,0.8125,62.0,35.333333333333336
2022-08-17,15.2875,8.55,187.16666666666666,12.633333333333333,4.7625,45.541666666666664,0.12916666666666668,7.916666666666667,1.0520833333333333,38.875,22.291666666666668
2022-08-18,27.03333333333333,14.6,203.83333333333334,12.654166666666667,4.733333333333333,52.166666666666664,0.24916666666666668,16.125,1.9958333333333333,48.083333333333336,26.25
2022-08-19,27.787499999999998,16.716666666666665,253.33333333333334,16.591666666666665,3.9375,46.791666666666664,0.24958333333333335,10.666666666666666,1.5687499999999999,58.333333333333336,32.125
2022-08-20,47.5375,27.870833333333334,424.2916666666667,24.104166666666668,6.583333333333333,46.833333333333336,0.38166666666666665,20.083333333333332,2.0812500000000003,65.83333333333333,39.916666666666664
2022-08-21,51.39166666666667,28.233333333333334,399.7083333333333,20.20416666666667,5.2875000000000005,53.083333333333336,0.44375000000000003,27.916666666666668,1.4354166666666668,96.04166666666667,66.875
2022-08-22,36.766666666666666,21.766666666666666,265.8333333333333,13.420833333333333,4.095833333333333,78.58333333333333,0.46541666666666665,17.375,1.6458333333333333,72.20833333333333,50.583333333333336
2022-08-23,32.88333333333333,15.791666666666666,219.41666666666666,10.987499999999999,6.479166666666667,59.541666666666664,0.31124999999999997,30.083333333333332,0.9083333333333333,66.33333333333333,40.625
2022-08-24,32.854166666666664,17.679166666666667,233.41666666666666,16.154166666666665,6.55,47.791666666666664,0.33166666666666667,20.166666666666668,1.7562499999999999,54.333333333333336,30.875
2022-08-25,62.3125,35.24583333333333,421.0833333333333,28.2,7.395833333333333,45.75,0.47875,28.833333333333332,2.002083333333333,84.95833333333333,60.083333333333336
2022-08-26,45.5875,23.695833333333336,278.375,16.479166666666668,3.658333333333333,55.583333333333336,0.41958333333333336,30.666666666666668,2.0145833333333334,88.79166666666667,64.16666666666667
2022-08-27,51.0375,23.254166666666666,221.625,12.362499999999999,3.8041666666666667,60.833333333333336,0.4175,47.916666666666664,2.1395833333333334,71.41666666666667,53.125
2022-08-28,54.05833333333334,26.525000000000002,274.25,15.950000000000001,3.9499999999999997,54.75,0.49,43.291666666666664,1.8229166666666667,75.95833333333333,60.958333333333336
2022-08-29,62.4625,33.887499999999996,383.2916666666667,24.145833333333332,5.520833333333333,53.125,0.4970833333333333,36.416666666666664,1.8958333333333333,86.625,63.5
2022-08-30,70.14999999999999,41.4375,519.2083333333334,32.65,7.170833333333333,55.583333333333336,0.55875,27.708333333333332,1.7645833333333334,107.79166666666667,70.95833333333333
2022-08-31,47.125,27.59583333333333,367.2916666666667,22.833333333333332,5.641666666666667,57.958333333333336,0.405,18.416666666666668,1.9729166666666667,103.29166666666667,69.41666666666667
2022-09-01,49.6625,28.316666666666666,385.875,22.325,6.7250000000000005,63.875,0.39041666666666663,21.208333333333332,2.1437500000000003,77.375,58.416666666666664
2022-09-02,47.87083333333334,28.145833333333332,391.75,25.95,6.0874999999999995,55.5,0.3741666666666667,18.5,2.129166666666667,89.54166666666667,64.625
2022-09-03,33.75416666666667,19.020833333333332,267.0416666666667,14.183333333333332,4.5375000000000005,63.791666666666664,0.25,15.958333333333334,2.1770833333333335,76.41666666666667,56.291666666666664
2022-09-04,29.59583333333333,14.966666666666667,222.0,11.254166666666668,3.6833333333333336,56.333333333333336,0.20458333333333334,21.083333333333332,2.0875,58.833333333333336,33.166666666666664
2022-09-05,40.65,20.9875,325.5,17.599999999999998,5.2875000000000005,53.625,0.22833333333333336,27.291666666666668,1.9645833333333333,56.916666666666664,33.583333333333336
2022-09-06,52.8125,30.90416666666667,466.5833333333333,29.275000000000002,7.279166666666666,62.291666666666664,0.32208333333333333,21.375,1.9708333333333332,78.0,57.833333333333336
2022-09-07,79.41666666666667,50.375,733.4166666666666,44.25833333333333,11.375,67.54166666666667,0.36166666666666664,18.041666666666668,1.9729166666666667,122.58333333333333,75.625
2022-09-08,89.97083333333335,56.725,697.4166666666666,45.487500000000004,12.4375,84.33333333333333,0.47708333333333336,22.208333333333332,1.7958333333333334,147.75,84.83333333333333
2022-09-09,88.3625,57.087500000000006,529.0416666666666,25.96666666666667,10.158333333333333,105.95833333333333,0.7566666666666667,19.041666666666668,1.7458333333333333,146.0,82.875
2022-09-10,66.83333333333333,45.57083333333333,444.6666666666667,17.5625,6.3500000000000005,95.125,0.7966666666666667,5.25,1.6333333333333335,140.70833333333334,81.54166666666667
2022-09-11,54.40416666666667,35.483333333333334,399.125,15.070833333333333,5.504166666666666,89.625,0.6491666666666667,10.541666666666666,1.6541666666666668,117.91666666666667,74.16666666666667
2022-09-12,43.04583333333333,25.295833333333334,356.125,12.120833333333332,6.383333333333333,91.95833333333333,0.3720833333333333,19.708333333333332,1.9895833333333333,86.625,63.208333333333336
2022-09-13,32.9875,15.870833333333332,256.6666666666667,8.245833333333334,5.575,83.45833333333333,0.2558333333333333,29.625,1.7541666666666667,67.70833333333333,47.375
2022-09-14,28.7375,15.479166666666666,288.6666666666667,10.008333333333333,6.7625,80.25,0.26999999999999996,19.625,1.0708333333333333,56.625,35.166666666666664
2022-09-15,32.27916666666667,19.650000000000002,398.0416666666667,18.758333333333333,6.454166666666667,70.5,0.33083333333333337,12.458333333333334,1.3833333333333335,57.625,37.791666666666664
2022-09-16,63.1,38.550000000000004,487.0,26.141666666666666,7.366666666666667,74.33333333333333,0.6729166666666666,22.416666666666668,1.5541666666666665,90.70833333333333,62.416666666666664
2022-09-17,48.79583333333333,25.65416666666667,280.125,15.112499999999999,4.620833333333334,69.79166666666667,0.47125,29.625,1.8624999999999998,92.91666666666667,65.625
2022-09-18,52.199999999999996,26.400000000000002,298.375,16.608333333333334,5.020833333333333,69.04166666666667,0.40375,34.458333333333336,1.8479166666666667,76.5,57.333333333333336
2022-09-19,57.775,31.420833333333334,340.0833333333333,21.158333333333335,5.7875000000000005,75.45833333333333,0.43625,30.708333333333332,1.8229166666666667,84.45833333333333,62.5
2022-09-20,83.35000000000001,52.22083333333333,472.9166666666667,25.325,9.158333333333333,86.0,0.6033333333333334,22.541666666666668,1.7020833333333334,123.75,75.91666666666667
2022-09-21,87.2625,57.387499999999996,543.5,23.258333333333336,12.3375,92.25,0.7233333333333333,14.541666666666666,1.5083333333333335,150.66666666666666,86.625
2022-09-22,41.670833333333334,28.233333333333334,436.75,15.041666666666666,10.166666666666666,80.625,0.45208333333333334,3.5833333333333335,0.39166666666666666,112.125,72.20833333333333
2022-09-23,22.625,15.533333333333333,419.2916666666667,18.183333333333334,3.891666666666666,75.20833333333333,0.24208333333333334,1.125,0.4166666666666667,66.75,44.291666666666664
2022-09-24,48.112500000000004,26.491666666666664,379.1666666666667,18.079166666666666,5.175,68.83333333333333,0.545,28.291666666666668,1.3104166666666666,69.25,47.166666666666664
2022-09-25,48.95416666666667,24.45,322.75,20.3125,5.945833333333333,57.708333333333336,0.4770833333333333,34.5,1.6270833333333332,72.41666666666667,51.791666666666664
2022-09-26,59.14166666666667,35.516666666666666,446.5,28.916666666666668,7.666666666666667,53.791666666666664,0.39125000000000004,19.083333333333332,1.7,98.5,67.58333333333333
2022-09-27,75.73333333333333,46.32916666666667,669.9583333333334,38.2875,11.004166666666668,48.125,0.29041666666666666,21.375,1.73125,110.91666666666667,71.79166666666667
2022-09-28,67.89999999999999,41.50833333333333,637.4583333333334,38.795833333333334,9.075000000000001,48.5,0.27291666666666664,19.458333333333332,1.76875,120.70833333333333,75.08333333333333
2022-09-29,60.70416666666667,36.666666666666664,598.1666666666666,31.03333333333333,8.674999999999999,51.916666666666664,0.26833333333333337,19.541666666666668,1.8020833333333333,104.45833333333333,69.95833333333333
2022-09-30,68.81666666666666,43.69166666666666,761.3333333333334,35.354166666666664,10.725,51.916666666666664,0.24749999999999997,14.958333333333334,1.85625,115.33333333333333,73.33333333333333
2022-10-01,48.4375,28.6875,482.5833333333333,27.266666666666666,7.245833333333334,56.041666666666664,0.23750000000000002,18.583333333333332,1.7708333333333333,110.66666666666667,71.83333333333333
2022-10-02,37.99583333333333,19.633333333333333,326.25,20.662499999999998,5.095833333333333,52.583333333333336,0.18083333333333332,25.916666666666668,1.8770833333333334,64.83333333333333,40.375
2022-10-03,40.704166666666666,22.462500000000002,432.5833333333333,24.075,6.0125,48.416666666666664,0.13958333333333334,22.416666666666668,1.7708333333333333,66.625,40.125
2022-10-04,58.00416666666666,35.266666666666666,547.875,31.9375,7.666666666666667,57.958333333333336,0.24416666666666667,20.0,1.8166666666666667,96.0,66.16666666666667
2022-10-05,69.90416666666667,43.46666666666667,459.0416666666667,23.90833333333333,10.745833333333332,89.79166666666667,0.43916666666666665,21.541666666666668,1.5458333333333334,105.79166666666667,69.66666666666667
2022-10-06,70.87083333333334,46.916666666666664,535.25,23.329166666666666,13.2875,96.04166666666667,0.41083333333333333,11.208333333333334,1.5020833333333332,136.58333333333334,79.54166666666667
2022-10-07,40.237500000000004,23.916666666666668,401.625,11.262500000000001,7.891666666666667,85.66666666666667,0.30791666666666667,17.791666666666668,0.9020833333333332,94.625,65.91666666666667
2022-10-08,16.495833333333334,11.2875,323.625,14.408333333333333,3.6208333333333336,59.375,0.18125,1.0833333333333333,0.30624999999999997,62.5,37.291666666666664
2022-10-09,24.820833333333336,17.25,421.9166666666667,22.025000000000002,5.029166666666667,55.875,0.23416666666666666,0.4166666666666667,0.5791666666666667,43.916666666666664,27.208333333333332
2022-10-10,43.4125,30.245833333333334,611.7916666666666,30.012500000000003,6.954166666666667,57.708333333333336,0.3025,0.6666666666666666,0.5187499999999999,75.54166666666667,54.916666666666664
2022-10-11,65.69166666666666,44.22083333333333,756.7083333333334,38.520833333333336,6.6875,57.75,0.3445833333333333,7.208333333333333,1.5541666666666665,111.83333333333333,72.08333333333333
2022-10-12,66.98333333333333,45.49166666666667,747.0833333333334,38.1,7.920833333333333,63.416666666666664,0.2808333333333333,5.791666666666667,1.5250000000000001,123.75,76.04166666666667
2022-10-13,75.39999999999999,50.9125,845.625,48.362500000000004,11.475,62.333333333333336,0.29583333333333334,7.291666666666667,1.5291666666666668,133.70833333333334,79.125
2022-10-14,71.10000000000001,46.7125,631.875,37.59166666666667,10.720833333333333,70.16666666666667,0.3179166666666667,12.0,1.5166666666666666,132.58333333333334,78.875
2022-10-15,93.64583333333333,61.56666666666666,814.5,43.166666666666664,12.441666666666668,70.54166666666667,0.36000000000000004,16.083333333333332,1.39375,137.5,80.625
2022-10-16,97.41666666666667,65.50833333333334,859.0416666666666,46.5375,13.291666666666666,73.25,0.3516666666666666,11.083333333333334,1.45625,154.58333333333334,90.83333333333333
2022-10-17,96.325,65.11666666666666,840.9166666666666,53.262499999999996,14.5,68.70833333333333,0.27458333333333335,9.291666666666666,1.4416666666666667,157.54166666666666,95.75
2022-10-18,56.6875,38.65,469.7083333333333,28.9875,10.237499999999999,82.04166666666667,0.2733333333333333,4.208333333333333,1.4291666666666665,130.83333333333334,79.0
2022-10-19,67.33333333333333,45.48333333333333,461.75,28.820833333333336,12.883333333333333,84.54166666666667,0.3275,6.791666666666667,1.3729166666666668,118.54166666666667,74.25
2022-10-20,60.75833333333333,41.012499999999996,450.5833333333333,29.175,16.05,77.79166666666667,0.29875,6.125,1.3354166666666665,118.29166666666667,74.20833333333333
2022-10-21,57.479166666666664,38.78333333333333,462.625,30.895833333333332,11.608333333333334,71.04166666666667,0.29624999999999996,5.916666666666667,1.3229166666666667,111.625,72.16666666666667
2022-10-22,74.45,49.975,767.1666666666666,38.887499999999996,13.133333333333333,56.416666666666664,0.3229166666666667,8.791666666666666,1.2791666666666666,113.58333333333333,72.79166666666667
2022-10-23,95.89999999999999,63.17916666666667,816.125,42.725,12.9125,69.91666666666667,0.44625,16.166666666666668,1.19375,152.16666666666666,89.125
2022-10-24,101.25416666666666,66.97916666666667,686.6666666666666,34.05833333333333,11.366666666666667,75.33333333333333,0.4170833333333333,16.75,1.2520833333333334,155.125,92.375
2022-10-25,99.33333333333333,65.54166666666667,896.9166666666666,44.05416666666667,10.954166666666666,55.791666666666664,0.38208333333333333,16.208333333333332,1.28125,155.5,92.70833333333333
2022-10-26,89.81666666666666,57.104166666666664,820.7083333333334,49.21666666666667,10.704166666666666,46.375,0.29583333333333334,22.166666666666668,1.3479166666666667,153.45833333333334,90.08333333333333
2022-10-27,82.09166666666667,51.74583333333334,722.9583333333334,43.72083333333333,10.566666666666666,52.416666666666664,0.32666666666666666,21.166666666666668,1.2729166666666667,138.08333333333334,80.70833333333333
2022-10-28,75.13333333333334,47.012499999999996,591.0,38.84583333333333,8.541666666666666,53.291666666666664,0.43041666666666667,21.541666666666668,1.2437500000000001,139.66666666666666,81.25
2022-10-29,100.93333333333334,66.15416666666667,622.0,30.09166666666667,10.725,96.66666666666667,0.5283333333333333,18.708333333333332,1.14375,145.0,84.70833333333333
2022-10-30,126.58749999999999,85.05416666666666,772.8333333333334,35.954166666666666,15.4625,86.45833333333333,0.5304166666666666,15.5,1.1041666666666667,161.79166666666666,102.375
2022-10-31,124.14999999999999,84.24583333333334,767.9166666666666,41.24583333333333,13.333333333333334,77.375,0.45333333333333337,11.75,1.1145833333333333,166.125,108.83333333333333
2022-11-01,102.52499999999999,68.44166666666666,702.375,39.300000000000004,13.495833333333332,67.625,0.39666666666666667,13.458333333333334,1.1708333333333334,159.83333333333334,99.20833333333333
2022-11-02,80.96666666666667,51.09166666666667,562.8333333333334,30.579166666666666,8.479166666666666,66.33333333333333,0.3833333333333333,23.291666666666668,1.2041666666666666,144.41666666666666,84.45833333333333
2022-11-03,121.75833333333333,78.675,943.25,43.637499999999996,14.104166666666666,62.625,0.4704166666666667,26.75,1.08125,154.45833333333334,92.875
2022-11-04,76.85833333333333,48.666666666666664,748.5,40.21666666666666,10.458333333333334,55.958333333333336,0.23708333333333334,20.291666666666668,1.2833333333333334,153.95833333333334,92.79166666666667
2022-11-05,100.44166666666666,65.4875,918.2916666666666,57.87083333333334,13.35,58.208333333333336,0.24708333333333332,18.708333333333332,1.23125,144.95833333333334,85.16666666666667
2022-11-06,89.3625,59.74166666666667,760.1666666666666,49.76666666666667,12.354166666666666,56.208333333333336,0.3025,10.875,1.1979166666666667,154.95833333333334,91.875
2022-11-07,72.37083333333334,47.42916666666667,512.5833333333334,33.55416666666667,8.183333333333334,70.45833333333333,0.48500000000000004,12.333333333333334,1.0583333333333333,140.0,81.66666666666667
2022-11-08,88.44166666666666,57.895833333333336,485.0833333333333,16.445833333333333,15.25,102.125,0.8408333333333333,16.291666666666668,0.6229166666666667,135.54166666666666,79.83333333333333
2022-11-09,103.075,68.80833333333332,549.0833333333334,17.704166666666666,12.608333333333334,104.95833333333333,0.7995833333333334,13.625,0.8895833333333334,156.0,93.5
2022-11-10,103.28750000000001,68.0625,514.75,16.329166666666666,11.695833333333333,92.375,0.7354166666666666,17.666666666666668,0.88125,156.45833333333334,94.08333333333333
2022-11-11,100.90416666666665,65.94166666666666,568.4583333333334,26.066666666666666,12.016666666666666,79.20833333333333,0.5108333333333334,18.916666666666668,0.9541666666666667,157.16666666666666,95.375
2022-11-12,96.73333333333333,62.86666666666667,603.9583333333334,30.90416666666667,8.566666666666666,64.5,0.4354166666666666,19.875,0.9874999999999999,154.0,90.79166666666667
2022-11-13,101.79583333333333,67.38333333333334,789.4583333333334,44.03333333333333,11.354166666666666,58.958333333333336,0.39958333333333335,15.166666666666666,0.975,154.95833333333334,92.08333333333333
2022-11-14,83.46249999999999,55.979166666666664,501.0416666666667,27.3,12.762500000000001,75.125,0.45166666666666666,10.208333333333334,0.9208333333333334,152.20833333333334,87.91666666666667
2022-11-15,90.59166666666665,60.35,467.25,21.375,13.033333333333333,80.08333333333333,0.6475,13.083333333333334,0.8416666666666667,151.08333333333334,86.0
2022-11-16,89.35833333333333,55.86666666666667,438.125,18.458333333333332,8.125,78.41666666666667,0.405,27.625,1.0020833333333334,152.83333333333334,88.70833333333333
2022-11-17,72.49583333333334,46.458333333333336,459.6666666666667,23.145833333333332,8.366666666666667,68.375,0.2866666666666667,17.75,1.075,136.79166666666666,80.25
2022-11-18,80.5125,52.30833333333334,643.5,34.3375,9.670833333333333,65.16666666666667,0.29333333333333333,15.958333333333334,0.99375,129.54166666666666,77.875
2022-11-19,75.85833333333333,50.4625,617.1666666666666,35.550000000000004,11.420833333333334,64.75,0.3066666666666667,10.375,0.9708333333333333,143.45833333333334,82.25
2022-11-20,83.58333333333333,55.52916666666667,628.7916666666666,30.6875,9.820833333333333,73.83333333333333,0.3545833333333333,12.083333333333334,0.94375,142.95833333333334,82.04166666666667
2022-11-21,94.03333333333335,61.737500000000004,629.25,28.84583333333333,9.883333333333333,74.16666666666667,0.32666666666666666,16.291666666666668,0.9500000000000001,152.41666666666666,88.0
2022-11-22,72.96666666666667,48.09166666666667,563.125,26.308333333333334,10.475,75.04166666666667,0.27708333333333335,11.708333333333334,0.9770833333333333,147.91666666666666,84.875
2022-11-23,61.675000000000004,40.416666666666664,579.1666666666666,28.9875,8.200000000000001,64.79166666666667,0.1775,10.75,1.0604166666666666,117.54166666666667,74.08333333333333
2022-11-24,64.47916666666667,42.55833333333333,673.9583333333334,35.545833333333334,8.208333333333334,58.041666666666664,0.1325,10.375,1.0125,114.0,72.95833333333333
2022-11-25,70.04166666666667,47.32083333333333,779.0833333333334,44.237500000000004,13.112499999999999,61.083333333333336,0.13166666666666668,6.875,1.0625,124.75,76.29166666666667
2022-11-26,76.42916666666666,51.229166666666664,741.375,37.67916666666667,9.591666666666667,57.333333333333336,0.14208333333333334,8.916666666666666,1.0708333333333333,128.33333333333334,77.375
2022-11-27,94.71666666666665,65.02083333333333,940.0833333333334,49.15833333333333,13.791666666666666,56.583333333333336,0.19000000000000003,5.208333333333333,0.99375,149.20833333333334,85.625
2022-11-28,106.3,72.15416666666667,909.6666666666666,51.5,12.862499999999999,64.0,0.29791666666666666,9.166666666666666,0.9666666666666667,157.5,95.79166666666667
2022-11-29,125.675,85.325,931.4166666666666,48.70416666666667,15.004166666666668,76.58333333333333,0.4166666666666667,10.666666666666666,0.9145833333333333,161.33333333333334,101.5
2022-11-30,130.42499999999998,89.05833333333334,969.5,50.42916666666667,14.016666666666666,73.45833333333333,0.4295833333333334,9.791666666666666,0.9145833333333333,166.875,110.125
2022-12-01,126.99166666666667,86.29583333333333,999.7916666666666,50.82083333333333,13.887500000000001,70.25,0.3429166666666667,10.625,0.9145833333333333,168.20833333333334,112.0
2022-12-02,129.30833333333334,88.27916666666665,919.625,50.666666666666664,12.941666666666668,63.833333333333336,0.3520833333333333,9.083333333333334,0.9208333333333334,167.54166666666666,111.125
2022-12-03,121.69583333333333,82.75416666666666,732.75,35.77916666666667,11.316666666666668,88.33333333333333,0.4291666666666667,10.041666666666666,0.8645833333333334,165.25,107.5
2022-12-04,132.71666666666667,91.16666666666667,885.2083333333334,43.475,15.200000000000001,83.375,0.45458333333333334,7.583333333333333,0.8125,166.5,109.45833333333333
2022-12-05,136.07083333333333,93.70416666666667,1033.7916666666667,51.21666666666667,16.254166666666666,70.375,0.4920833333333334,6.708333333333333,0.8250000000000001,169.33333333333334,113.95833333333333
2022-12-06,119.87083333333334,81.21666666666667,815.875,34.9,12.725,74.41666666666667,0.405,11.333333333333334,0.8520833333333333,169.54166666666666,114.125
2022-12-07,94.87083333333334,62.67916666666667,567.4583333333334,26.004166666666666,11.766666666666666,72.83333333333333,0.29416666666666663,15.166666666666666,0.8979166666666667,156.375,93.875
2022-12-08,118.8625,80.35833333333333,999.625,48.25,17.270833333333332,58.416666666666664,0.28958333333333336,10.708333333333334,0.8791666666666665,159.375,98.66666666666667
2022-12-09,101.8625,68.99583333333334,821.9583333333334,43.40833333333333,13.283333333333333,61.291666666666664,0.21583333333333332,8.666666666666666,0.8583333333333333,159.83333333333334,99.33333333333333
2022-12-10,99.18333333333334,65.78333333333333,752.2083333333334,36.295833333333334,12.083333333333334,67.16666666666667,0.20750000000000002,13.916666666666666,0.9083333333333333,157.08333333333334,95.29166666666667
2022-12-11,80.62083333333334,52.21666666666667,613.5833333333334,33.983333333333334,9.504166666666666,59.166666666666664,0.24333333333333332,16.625,0.9125000000000001,150.25,86.29166666666667
2022-12-12,59.025,37.1,544.4583333333334,32.166666666666664,8.183333333333334,56.041666666666664,0.2225,16.166666666666668,0.8958333333333334,120.29166666666667,74.83333333333333
2022-12-13,36.87083333333333,22.204166666666666,291.0,11.0875,7.133333333333333,63.75,0.15125,13.833333333333334,1.5291666666666666,93.70833333333333,65.91666666666667
2022-12-14,1.0625,0.7458333333333332,59.041666666666664,0.0,0.7291666666666666,26.958333333333332,0.03916666666666667,0.0,2.15,32.5,19.333333333333332
2022-12-15,0.9958333333333332,0.7000000000000001,61.666666666666664,0.0,0.3333333333333333,32.958333333333336,0.04,0.0,2.183333333333333,14.5,13.25
2022-12-16,51.324999999999996,34.05416666666667,569.6666666666666,28.025000000000002,8.2875,54.125,0.12416666666666666,7.125,1.4479166666666667,47.833333333333336,37.416666666666664
2022-12-17,79.0875,53.59583333333333,889.875,44.63333333333333,13.583333333333334,51.416666666666664,0.14833333333333334,6.708333333333333,1.0083333333333335,127.29166666666667,77.125
2022-12-18,90.70416666666667,62.337500000000006,950.4166666666666,51.71666666666667,14.320833333333333,54.833333333333336,0.15875,4.541666666666667,0.9666666666666667,150.5,85.83333333333333
2022-12-19,103.81666666666666,71.2375,923.25,49.762499999999996,14.566666666666668,67.25,0.24875,5.541666666666667,0.9229166666666666,156.83333333333334,94.79166666666667
2022-12-20,105.90416666666665,72.55,895.875,43.15833333333333,16.016666666666666,72.5,0.32541666666666663,6.375,0.9,159.91666666666666,99.45833333333333
2022-12-21,102.93333333333334,67.8,662.4166666666666,21.162499999999998,14.700000000000001,95.875,0.5266666666666667,17.375,0.7958333333333334,155.91666666666666,93.41666666666667
2022-12-22,103.02083333333333,66.33333333333333,674.9166666666666,21.070833333333333,15.591666666666667,94.20833333333333,0.6016666666666667,23.458333333333332,0.7333333333333334,156.41666666666666,93.875
2022-12-23,106.56666666666666,68.1875,770.375,18.720833333333335,30.670833333333334,109.5,0.645,24.708333333333332,0.725,156.33333333333334,93.75
2022-12-24,81.95,51.3375,669.0416666666666,17.875,15.8125,99.20833333333333,0.4608333333333334,23.208333333333332,0.7374999999999999,152.875,90.08333333333333
2022-12-25,80.6875,52.520833333333336,694.8333333333334,25.108333333333334,12.858333333333334,86.33333333333333,0.25083333333333335,15.333333333333334,0.81875,136.58333333333334,80.125
2022-12-26,89.35000000000001,59.074999999999996,868.6666666666666,31.454166666666666,13.583333333333334,81.83333333333333,0.24583333333333335,13.375,0.8416666666666667,147.95833333333334,84.04166666666667
2022-12-27,98.7375,66.3125,827.9583333333334,30.22083333333333,11.816666666666668,79.08333333333333,0.2604166666666667,10.458333333333334,0.8479166666666668,154.875,91.83333333333333
2022-12-28,90.40833333333335,61.35833333333333,952.4583333333334,37.15,15.629166666666668,64.125,0.19416666666666668,6.958333333333333,0.9208333333333334,152.91666666666666,88.75
2022-12-29,90.89999999999999,61.25833333333333,880.9166666666666,45.1625,22.90416666666667,53.625,0.2625,8.458333333333334,0.9104166666666668,155.58333333333334,92.91666666666667
2022-12-30,87.02916666666665,55.487500000000004,609.0833333333334,24.05,16.466666666666665,64.54166666666667,0.35000000000000003,20.416666666666668,0.8458333333333333,150.5,85.58333333333333
2022-12-31,91.32083333333333,57.262499999999996,701.9583333333334,21.991666666666664,16.104166666666668,83.25,0.3016666666666667,25.958333333333332,0.8687499999999999,150.33333333333334,85.16666666666667
2023-01-01,86.39166666666667,58.99583333333334,1033.9583333333333,41.641666666666666,13.720833333333333,64.58333333333333,0.21291666666666667,5.916666666666667,0.8937499999999999,142.08333333333334,82.0
2023-01-02,97.82916666666667,66.08749999999999,904.75,38.49166666666667,11.237499999999999,69.25,0.35000000000000003,9.416666666666666,0.8770833333333333,155.45833333333334,92.70833333333333
2023-01-03,95.15833333333335,63.949999999999996,739.0416666666666,26.0625,13.316666666666668,90.25,0.41124999999999995,10.333333333333334,0.8041666666666667,155.91666666666666,93.45833333333333
2023-01-04,81.08333333333333,54.0875,804.9583333333334,30.34583333333333,11.758333333333333,81.66666666666667,0.25125000000000003,10.125,0.8291666666666666,145.83333333333334,84.41666666666667
2023-01-05,107.14583333333333,72.15416666666667,976.375,34.625,16.208333333333332,76.29166666666667,0.29958333333333337,10.833333333333334,0.8083333333333332,154.20833333333334,91.08333333333333
2023-01-06,114.73333333333333,78.15416666666667,971.1666666666666,31.575,20.150000000000002,80.08333333333333,0.24541666666666664,8.708333333333334,0.86875,162.08333333333334,102.83333333333333
2023-01-07,131.64583333333334,90.92083333333333,1280.5416666666667,44.92083333333333,19.9375,87.16666666666667,0.23583333333333334,5.041666666666667,0.8937499999999999,163.75,105.5
2023-01-08,128.52083333333334,88.72916666666667,1306.6666666666667,54.199999999999996,16.041666666666668,71.20833333333333,0.30624999999999997,5.375,0.8520833333333333,169.33333333333334,113.58333333333333
2023-01-09,122.48333333333333,84.94583333333334,1158.2083333333333,48.50833333333333,17.400000000000002,78.91666666666667,0.4295833333333334,3.1666666666666665,0.8395833333333332,164.45833333333334,106.33333333333333
2023-01-10,131.99166666666667,90.60416666666667,1381.25,53.78333333333333,15.841666666666667,65.25,0.42,6.291666666666667,0.8916666666666666,170.625,115.91666666666667
2023-01-11,109.14999999999999,73.825,995.4166666666666,38.4,16.4375,74.33333333333333,0.42875,8.791666666666666,0.8562500000000001,161.54166666666666,101.875
2023-01-12,100.07083333333333,64.99166666666666,1099.4583333333333,41.7875,15.279166666666667,46.666666666666664,0.4366666666666667,18.75,0.8374999999999999,158.95833333333334,98.04166666666667
2023-01-13,89.22916666666667,58.43333333333334,1220.2083333333333,43.925000000000004,11.616666666666667,55.291666666666664,0.3333333333333333,15.375,0.9583333333333334,154.58333333333334,91.20833333333333
2023-01-14,88.82916666666667,55.15416666666667,829.2083333333334,13.883333333333333,15.004166666666668,111.95833333333333,0.4041666666666666,27.666666666666668,0.8770833333333333,146.41666666666666,83.45833333333333
2023-01-15,63.362500000000004,40.545833333333334,771.9583333333334,24.712500000000002,8.6625,79.375,0.16375,14.458333333333334,1.05625,123.125,75.79166666666667
2023-01-16,85.47083333333335,57.65416666666667,1024.1666666666667,38.641666666666666,13.416666666666666,59.875,0.2708333333333333,8.041666666666666,0.9562500000000002,130.33333333333334,78.20833333333333
2023-01-17,86.60416666666667,58.012499999999996,1016.1666666666666,39.40833333333333,11.954166666666666,67.08333333333333,0.25708333333333333,9.5,0.9770833333333333,152.29166666666666,87.79166666666667
2023-01-18,88.52916666666665,59.074999999999996,1070.1666666666667,45.82916666666667,12.945833333333333,68.25,0.25416666666666665,10.791666666666666,1.0,148.83333333333334,84.41666666666667
2023-01-19,103.57083333333333,69.39166666666667,936.2083333333334,37.329166666666666,11.754166666666668,87.91666666666667,0.3870833333333333,11.625,0.9958333333333332,156.16666666666666,93.58333333333333
2023-01-20,122.74166666666667,80.20833333333333,814.5,19.075,22.337500000000002,113.375,0.7570833333333332,22.583333333333332,0.7354166666666667,158.75,97.625
2023-01-21,127.05833333333334,84.88333333333334,805.5833333333334,23.570833333333336,20.9375,97.91666666666667,0.8441666666666667,15.666666666666666,0.7625000000000001,164.25,106.20833333333333
2023-01-22,146.70000000000002,97.93333333333334,844.2083333333334,15.691666666666668,31.21666666666667,118.125,1.3879166666666667,18.541666666666668,0.425,169.29166666666666,113.625
2023-01-23,137.93333333333334,92.6125,691.8333333333334,20.475,16.425,77.5,1.25125,14.041666666666666,0.53125,170.33333333333334,115.29166666666667
2023-01-24,160.97083333333333,110.26666666666667,728.125,26.204166666666666,16.083333333333332,65.5,1.6191666666666666,7.041666666666667,0.5229166666666667,175.0,122.375
2023-01-25,143.77916666666667,96.74166666666667,761.9583333333334,23.15416666666667,13.745833333333332,80.16666666666667,1.1283333333333332,13.958333333333334,0.7041666666666666,175.875,123.66666666666667
2023-01-26,104.25,66.99166666666666,639.4583333333334,16.1125,13.345833333333333,97.25,0.6129166666666667,22.583333333333332,1.04375,165.58333333333334,108.04166666666667
2023-01-27,72.02083333333333,46.63333333333333,701.375,26.40416666666667,10.208333333333334,80.5,0.21291666666666667,14.25,1.2083333333333333,140.5,82.625
2023-01-28,85.78750000000001,58.31666666666666,831.2083333333334,36.4125,12.829166666666666,82.875,0.27999999999999997,6.333333333333333,1.2291666666666667,141.04166666666666,81.79166666666667
2023-01-29,89.03333333333335,60.6875,526.4166666666666,24.141666666666666,6.2250000000000005,73.33333333333333,1.59375,3.75,0.3125,152.0,87.41666666666667
2023-01-30,112.93333333333334,76.35416666666667,764.75,27.6875,9.549999999999999,88.58333333333333,0.9775,8.458333333333334,0.8541666666666666,154.66666666666666,91.54166666666667
2023-01-31,94.77916666666665,62.362500000000004,714.7083333333334,26.433333333333334,6.829166666666667,66.16666666666667,0.5129166666666667,14.458333333333334,0.9916666666666667,162.66666666666666,103.66666666666667
2023-02-01,68.62916666666666,43.89166666666667,579.9583333333334,20.570833333333333,7.770833333333333,83.95833333333333,0.18708333333333335,15.583333333333334,1.1979166666666667,134.16666666666666,79.875
2023-02-02,59.5625,38.65833333333333,645.4166666666666,26.212500000000002,10.795833333333334,81.04166666666667,0.12791666666666665,11.833333333333334,1.3499999999999999,108.75,71.20833333333333
2023-02-03,79.91250000000001,54.74166666666667,976.9166666666666,45.875,13.558333333333332,67.875,0.12583333333333332,4.416666666666667,1.4291666666666665,127.5,77.20833333333333
2023-02-04,82.33749999999999,55.666666666666664,1111.7916666666667,50.48333333333333,10.866666666666667,58.291666666666664,0.19708333333333336,7.208333333333333,1.40625,152.79166666666666,88.83333333333333
2023-02-05,67.925,44.15833333333333,781.9166666666666,36.329166666666666,11.354166666666666,74.91666666666667,0.23666666666666666,12.625,1.3979166666666665,128.29166666666666,77.5
2023-02-06,64.05,42.50833333333333,578.0833333333334,27.483333333333334,14.15,73.95833333333333,0.2708333333333333,8.083333333333334,1.4020833333333333,119.04166666666667,74.375
2023-02-07,62.25833333333333,35.69583333333333,467.0833333333333,18.370833333333334,10.666666666666666,85.625,0.20333333333333334,31.916666666666668,1.4729166666666667,108.20833333333333,71.04166666666667
2023-02-08,61.96666666666667,40.458333333333336,776.0833333333334,33.8125,9.941666666666666,64.375,0.19083333333333333,10.875,1.4270833333333333,99.20833333333333,67.95833333333333
2023-02-09,69.5,45.13333333333333,773.5,32.94166666666667,16.841666666666665,73.75,0.25375,13.25,1.3104166666666666,134.5,79.41666666666667
2023-02-10,41.025,21.858333333333334,342.1666666666667,17.883333333333333,5.679166666666667,62.791666666666664,0.19125,26.625,1.3979166666666665,85.16666666666667,58.583333333333336
2023-02-11,69.25416666666666,38.545833333333334,429.3333333333333,21.34166666666667,8.095833333333333,60.75,0.32166666666666666,41.625,1.2625,89.95833333333333,62.875
2023-02-12,55.97083333333333,30.587500000000002,423.5416666666667,16.508333333333333,7.05,78.54166666666667,0.18083333333333332,35.125,1.4208333333333334,103.95833333333333,69.54166666666667
2023-02-13,40.329166666666666,21.891666666666666,457.4166666666667,17.325,6.9125000000000005,94.95833333333333,0.14083333333333334,25.25,1.3812499999999999,83.45833333333333,58.25
2023-02-14,38.291666666666664,23.95,547.2083333333334,26.958333333333332,6.258333333333333,73.375,0.17416666666666666,10.75,1.45,73.75,53.25
2023-02-15,42.737500000000004,24.879166666666666,475.5416666666667,26.02916666666667,6.945833333333333,67.25,0.17958333333333334,19.291666666666668,1.5020833333333332,76.45833333333333,57.875
2023-02-16,59.00416666666666,36.8375,601.75,31.3,10.991666666666667,63.291666666666664,0.19708333333333336,17.833333333333332,1.5354166666666667,87.70833333333333,63.666666666666664
2023-02-17,111.07916666666667,72.375,907.0416666666666,38.50416666666667,18.470833333333335,107.16666666666667,0.3529166666666667,21.791666666666668,1.3520833333333335,140.08333333333334,81.75
2023-02-18,122.21249999999999,81.7,967.5416666666666,45.833333333333336,18.170833333333334,102.875,0.35083333333333333,16.083333333333332,1.3812499999999999,166.75,103.79166666666667
2023-02-19,102.12083333333334,69.35416666666667,860.375,38.425000000000004,14.479166666666666,94.66666666666667,0.2558333333333333,8.208333333333334,1.5270833333333333,163.83333333333334,105.41666666666667
2023-02-20,57.35,38.5625,530.2083333333334,24.041666666666668,10.129166666666666,76.79166666666667,0.18625,6.25,1.539583333333333,133.91666666666666,80.91666666666667
2023-02-21,43.71666666666667,24.266666666666666,376.0,19.6875,6.629166666666666,64.08333333333333,0.29333333333333333,25.458333333333332,1.4895833333333333,80.70833333333333,56.75
2023-02-22,83.25833333333334,53.895833333333336,781.375,35.979166666666664,15.2875,63.541666666666664,0.4116666666666666,17.333333333333332,1.39375,109.45833333333333,71.08333333333333
2023-02-23,80.8875,51.75,738.875,36.166666666666664,16.220833333333335,64.58333333333333,0.43124999999999997,19.5,1.4166666666666667,151.04166666666666,86.16666666666667
2023-02-24,64.1375,39.65833333333334,651.2916666666666,31.9875,11.733333333333334,76.20833333333333,0.35000000000000003,20.5,1.3666666666666665,110.625,71.75
2023-02-25,66.30416666666666,43.387499999999996,730.4166666666666,38.65833333333333,10.908333333333333,68.29166666666667,0.30875,11.125,1.53125,132.91666666666666,79.04166666666667
2023-02-26,51.62083333333334,34.449999999999996,570.5416666666666,31.679166666666664,11.241666666666667,68.58333333333333,0.30125,5.666666666666667,1.5666666666666667,99.625,68.16666666666667
2023-02-27,60.59166666666667,41.199999999999996,744.75,39.13333333333333,12.200000000000001,72.41666666666667,0.27416666666666667,3.6666666666666665,1.554166666666667,105.95833333333333,70.25
2023-02-28,51.63333333333333,33.516666666666666,621.875,33.9625,9.5,76.08333333333333,0.2504166666666667,8.916666666666666,1.5291666666666668,109.70833333333333,71.5
2023-03-01,65.89583333333333,39.699999999999996,449.4583333333333,14.833333333333334,17.474999999999998,98.875,0.37875,25.375,1.4770833333333335,103.25,69.33333333333333
2023-03-02,56.449999999999996,35.78333333333333,471.0,21.8625,10.666666666666666,93.54166666666667,0.41333333333333333,14.833333333333334,1.5416666666666667,102.16666666666667,68.45833333333333
2023-03-03,65.65833333333333,42.375,525.375,23.858333333333334,13.545833333333334,93.0,0.46416666666666667,13.958333333333334,1.5729166666666667,108.33333333333333,70.91666666666667
2023-03-04,55.3375,33.59166666666667,413.9166666666667,19.641666666666666,8.0,85.20833333333333,0.5437500000000001,19.541666666666668,1.3145833333333334,106.20833333333333,70.29166666666667
2023-03-05,67.25416666666666,45.1,661.5833333333334,32.608333333333334,10.008333333333333,70.375,0.40208333333333335,7.0,1.53125,114.375,73.0
2023-03-06,46.42916666666667,28.420833333333334,556.8333333333334,27.391666666666666,7.583333333333333,67.25,0.18666666666666668,15.416666666666666,1.83125,100.95833333333333,68.41666666666667
2023-03-07,49.87916666666666,32.125,628.2083333333334,31.616666666666664,8.325000000000001,63.333333333333336,0.25833333333333336,10.458333333333334,1.7770833333333333,90.75,65.0
2023-03-08,40.05416666666667,25.879166666666666,461.875,26.75,6.066666666666666,67.75,0.37041666666666667,8.083333333333334,1.4541666666666666,84.45833333333333,62.583333333333336
2023-03-09,59.36666666666667,39.68333333333333,579.9166666666666,33.141666666666666,10.208333333333334,70.79166666666667,0.3466666666666667,6.791666666666667,1.7520833333333332,95.70833333333333,66.79166666666667
2023-03-10,68.425,45.74166666666667,739.7083333333334,40.9625,11.1625,70.95833333333333,0.33708333333333335,8.333333333333334,1.84375,121.5,75.33333333333333
2023-03-11,54.30416666666667,36.38333333333333,643.25,37.62083333333333,9.158333333333333,81.91666666666667,0.22125000000000003,6.375,1.9333333333333333,114.375,71.875
2023-03-12,56.47083333333333,38.770833333333336,705.9583333333334,42.483333333333334,11.479166666666666,84.20833333333333,0.2383333333333333,2.8333333333333335,1.977083333333333,109.375,70.08333333333333
2023-03-13,59.35833333333333,39.34583333333333,657.0416666666666,35.90833333333333,10.862499999999999,84.45833333333333,0.3875,8.541666666666666,1.5562500000000001,113.875,72.16666666666667
2023-03-14,53.27916666666667,34.75833333333333,589.0833333333334,29.958333333333332,8.941666666666666,80.29166666666667,0.41333333333333333,10.291666666666666,1.6354166666666667,100.54166666666667,67.95833333333333
2023-03-15,58.25416666666666,38.2875,579.75,34.270833333333336,9.133333333333333,71.33333333333333,0.5145833333333333,10.041666666666666,1.45625,102.5,69.20833333333333
2023-03-16,74.175,48.37916666666666,519.4583333333334,28.933333333333334,8.299999999999999,64.91666666666667,1.02,13.791666666666666,0.88125,115.625,73.375
2023-03-17,68.8,44.4125,439.0416666666667,21.166666666666668,6.229166666666667,89.25,0.8116666666666666,14.708333333333334,1.3104166666666666,133.33333333333334,79.08333333333333
2023-03-18,76.65,50.20416666666667,438.5,18.883333333333333,7.620833333333334,94.20833333333333,0.74625,11.583333333333334,1.3645833333333333,133.75,79.20833333333333
2023-03-19,69.05,45.862500000000004,405.25,14.5,6.916666666666667,98.95833333333333,0.7595833333333334,9.833333333333334,1.4166666666666667,125.375,76.45833333333333
2023-03-20,65.88333333333334,44.56666666666666,466.2083333333333,21.78333333333333,7.070833333333333,81.33333333333333,0.7679166666666667,6.041666666666667,1.2270833333333333,126.08333333333333,76.75
2023-03-21,60.12916666666666,39.53333333333333,505.4583333333333,26.808333333333334,6.283333333333334,71.70833333333333,0.44708333333333333,10.5,1.5666666666666667,120.41666666666667,74.875
2023-03-22,65.72500000000001,42.99583333333334,537.625,24.629166666666666,9.058333333333334,85.875,0.5016666666666666,11.916666666666666,1.70625,106.83333333333333,70.54166666666667
2023-03-23,69.48333333333333,45.7125,518.2916666666666,27.599999999999998,9.170833333333333,82.45833333333333,0.42166666666666663,11.083333333333334,1.7729166666666665,134.70833333333334,79.45833333333333
2023-03-24,43.99166666666667,26.229166666666668,359.125,17.825,6.208333333333333,69.91666666666667,0.3183333333333333,16.916666666666668,1.7666666666666666,92.625,65.45833333333333
2023-03-25,52.85,28.329166666666666,405.7083333333333,24.175,6.458333333333333,73.75,0.29625,32.333333333333336,1.7291666666666667,82.16666666666667,61.375
2023-03-26,74.825,44.375,546.5416666666666,28.145833333333332,13.966666666666667,87.33333333333333,0.6454166666666666,30.5,1.51875,98.54166666666667,66.91666666666667
2023-03-27,63.14166666666667,36.55833333333333,487.625,26.27916666666667,10.254166666666666,78.25,0.43,31.583333333333332,1.7625,124.125,76.20833333333333
2023-03-28,43.78333333333333,27.129166666666666,528.0416666666666,32.4,6.545833333333333,67.79166666666667,0.17500000000000002,14.25,2.25625,89.16666666666667,64.125
2023-03-29,44.104166666666664,26.895833333333332,432.25,24.491666666666664,8.154166666666667,89.16666666666667,0.36625,15.708333333333334,1.7145833333333333,85.45833333333333,62.083333333333336
2023-03-30,54.00833333333333,29.77916666666667,283.5416666666667,10.470833333333333,7.429166666666667,104.375,0.5925,32.291666666666664,1.4583333333333333,85.5,62.541666666666664
2023-03-31,57.78333333333333,33.55833333333333,402.7916666666667,21.008333333333333,6.504166666666666,70.79166666666667,0.41083333333333333,27.875,1.4083333333333332,94.04166666666667,66.125
2023-04-01,59.541666666666664,36.733333333333334,615.5,33.979166666666664,6.633333333333333,57.583333333333336,0.2658333333333333,20.041666666666668,1.9541666666666666,102.33333333333333,69.16666666666667
2023-04-02,44.63333333333333,26.329166666666666,462.5416666666667,26.620833333333334,6.5,70.95833333333333,0.27208333333333334,18.791666666666668,1.9979166666666668,90.75,65.04166666666667
2023-04-03,39.50833333333333,19.6125,324.25,18.845833333333335,4.908333333333333,72.58333333333333,0.2316666666666667,31.833333333333332,2.1979166666666665,72.25,52.291666666666664
2023-04-04,49.975,23.691666666666666,337.9583333333333,17.929166666666667,6.241666666666667,79.25,0.31375000000000003,46.166666666666664,2.035416666666667,70.58333333333333,51.541666666666664
2023-04-05,52.3125,29.479166666666668,466.875,24.25833333333333,8.783333333333333,84.95833333333333,0.29833333333333334,27.666666666666668,2.0479166666666666,78.625,59.333333333333336
2023-04-06,41.479166666666664,22.870833333333334,403.2916666666667,23.320833333333336,6.741666666666667,85.41666666666667,0.2891666666666667,23.958333333333332,1.9458333333333335,86.83333333333333,63.333333333333336
2023-04-07,41.266666666666666,22.125,364.3333333333333,20.724999999999998,5.504166666666666,89.79166666666667,0.29125,26.833333333333332,2.06875,73.70833333333333,50.333333333333336
2023-04-08,52.79583333333333,31.2375,530.625,29.754166666666666,8.137500000000001,91.25,0.4429166666666666,23.125,1.7874999999999999,84.70833333333333,58.5
2023-04-09,39.65416666666667,24.125,477.0833333333333,27.3125,5.991666666666667,92.0,0.24250000000000002,14.458333333333334,2.1958333333333333,99.58333333333333,65.58333333333333
2023-04-10,40.666666666666664,24.354166666666668,440.5833333333333,25.525000000000002,6.383333333333333,89.83333333333333,0.22458333333333336,16.75,2.2270833333333333,86.79166666666667,60.583333333333336
2023-04-11,35.61666666666667,20.183333333333334,340.9166666666667,16.795833333333334,5.458333333333333,104.16666666666667,0.34125,18.958333333333332,2.1333333333333333,81.91666666666667,51.625
2023-04-12,40.55833333333333,23.479166666666668,329.9166666666667,16.925,4.858333333333333,95.25,0.37083333333333335,20.333333333333332,2.125,79.25,52.208333333333336
2023-04-13,46.24166666666667,29.229166666666668,474.3333333333333,28.516666666666666,6.954166666666667,82.0,0.29,11.875,2.2375000000000003,84.33333333333333,60.625
2023-04-14,45.895833333333336,29.270833333333332,496.4583333333333,30.77916666666667,7.141666666666667,87.79166666666667,0.29791666666666666,10.416666666666666,2.0500000000000003,94.25,64.16666666666667
2023-04-15,45.76666666666667,29.3125,518.0833333333334,31.258333333333336,6.516666666666667,79.45833333333333,0.29083333333333333,10.541666666666666,2.160416666666667,89.625,63.666666666666664
2023-04-16,40.775,25.870833333333334,483.25,27.25833333333333,6.108333333333333,73.20833333333333,0.22166666666666668,10.0,2.3833333333333333,84.875,62.5
2023-04-17,37.575,21.025000000000002,385.625,22.3875,4.833333333333333,76.58333333333333,0.2275,19.875,2.5229166666666667,72.625,51.375
2023-04-18,32.583333333333336,16.583333333333332,320.5,18.3625,4.508333333333334,70.625,0.17833333333333334,24.541666666666668,2.472916666666667,69.08333333333333,46.708333333333336
2023-04-19,40.833333333333336,17.545833333333334,217.375,7.808333333333334,4.075,84.20833333333333,0.2333333333333333,46.5,2.31875,58.25,39.5
2023-04-20,44.92916666666667,22.2,242.29166666666666,10.354166666666666,3.7916666666666665,81.125,0.35375,41.5,2.283333333333333,64.54166666666667,46.25
2023-04-21,46.6,24.666666666666668,276.25,12.708333333333334,4.358333333333333,87.875,0.34833333333333333,35.916666666666664,2.2416666666666667,82.83333333333333,60.416666666666664
2023-04-22,40.74583333333333,22.974999999999998,338.9583333333333,16.666666666666668,5.204166666666667,94.45833333333333,0.23124999999999998,23.625,2.464583333333333,80.79166666666667,55.416666666666664
2023-04-23,41.975,22.5625,342.8333333333333,18.5125,8.9,103.83333333333333,0.3520833333333333,30.291666666666668,1.6624999999999999,81.29166666666667,52.916666666666664
2023-04-24,43.55833333333334,26.558333333333334,373.0833333333333,16.7625,7.545833333333333,109.375,0.40166666666666667,15.416666666666666,1.875,94.45833333333333,61.5
2023-04-25,52.074999999999996,31.920833333333334,401.0833333333333,18.566666666666666,7.404166666666666,114.41666666666667,0.4658333333333333,19.041666666666668,2.004166666666667,98.04166666666667,63.625
2023-04-26,51.45416666666667,32.395833333333336,464.8333333333333,23.979166666666668,7.191666666666666,115.04166666666667,0.4658333333333333,14.708333333333334,1.9208333333333334,107.16666666666667,66.875
2023-04-27,59.12083333333334,37.0875,355.9583333333333,14.483333333333333,6.716666666666666,119.75,0.6670833333333334,17.041666666666668,1.6916666666666667,105.45833333333333,67.5
2023-04-28,67.47916666666667,41.34166666666667,447.25,23.608333333333334,7.7749999999999995,99.0,0.5441666666666667,22.916666666666668,1.85625,119.54166666666667,74.45833333333333
2023-04-29,57.44166666666666,33.583333333333336,378.375,20.116666666666667,6.016666666666667,83.83333333333333,0.4766666666666666,24.375,1.48125,102.20833333333333,69.08333333333333
2023-04-30,51.94166666666666,31.962500000000002,376.0,22.52916666666667,7.420833333333333,80.125,0.43083333333333335,15.0,1.820833333333333,92.79166666666667,65.58333333333333
2023-05-01,47.65833333333333,30.21666666666667,339.8333333333333,18.212500000000002,7.05,83.125,0.43124999999999997,11.333333333333334,1.95625,92.58333333333333,65.58333333333333
2023-05-02,41.475,25.9875,271.125,10.891666666666666,4.804166666666666,99.33333333333333,0.40291666666666665,11.625,2.13125,85.20833333333333,61.958333333333336
2023-05-03,49.98333333333333,30.616666666666664,289.9166666666667,9.395833333333334,5.170833333333333,107.41666666666667,0.525,18.041666666666668,2.0812500000000003,89.125,62.875
2023-05-04,52.26666666666667,33.625,391.7083333333333,19.995833333333334,5.933333333333334,96.25,0.4970833333333333,12.041666666666666,1.9416666666666667,94.45833333333333,65.16666666666667
2023-05-05,55.324999999999996,35.86666666666667,450.25,25.833333333333332,8.304166666666667,95.375,0.5175,11.666666666666666,2.0854166666666667,98.29166666666667,66.25
2023-05-06,62.44166666666666,39.7875,589.375,35.2125,8.516666666666667,83.16666666666667,0.5179166666666667,15.875,2.2083333333333335,119.875,74.83333333333333
2023-05-07,55.45416666666667,30.345833333333335,471.5,28.9875,6.2625,69.79166666666667,0.38208333333333333,34.166666666666664,2.4166666666666665,96.79166666666667,67.125
2023-05-08,40.233333333333334,20.475,358.7083333333333,23.0125,4.9125000000000005,85.45833333333333,0.24416666666666667,32.25,2.8625000000000003,80.95833333333333,56.666666666666664
2023-05-09,37.78333333333333,17.650000000000002,298.5833333333333,14.879166666666668,4.2875000000000005,107.04166666666667,0.19541666666666668,38.083333333333336,2.8645833333333335,77.16666666666667,49.25
2023-05-10,40.99583333333333,22.070833333333336,369.375,19.337500000000002,5.574999999999999,106.875,0.19375,28.125,2.754166666666667,83.625,50.708333333333336
2023-05-11,40.625,23.458333333333332,463.5,26.787499999999998,5.575,98.125,0.18833333333333332,20.25,2.775,89.20833333333333,56.958333333333336
2023-05-12,40.795833333333334,24.8125,495.125,28.96666666666667,6.075,95.375,0.21583333333333332,15.25,2.6833333333333336,92.45833333333333,61.583333333333336
2023-05-13,32.59583333333333,16.133333333333333,317.0416666666667,16.641666666666666,4.6000000000000005,92.79166666666667,0.2916666666666667,27.583333333333332,2.5833333333333335,74.0,50.125
2023-05-14,38.06666666666667,18.483333333333334,330.1666666666667,19.75,4.604166666666667,84.625,0.35625,34.041666666666664,2.3333333333333335,63.5,42.458333333333336
2023-05-15,39.791666666666664,18.129166666666666,274.2916666666667,13.4375,5.570833333333333,89.70833333333333,0.3125,38.625,2.6395833333333334,70.91666666666667,48.458333333333336
2023-05-16,42.93333333333334,18.108333333333334,254.125,14.620833333333335,3.9291666666666667,81.16666666666667,0.3741666666666667,45.291666666666664,2.4541666666666666,59.166666666666664,44.291666666666664
2023-05-17,50.525,24.53333333333333,399.375,18.608333333333334,6.408333333333332,82.58333333333333,0.4291666666666667,42.458333333333336,2.3645833333333335,68.875,51.958333333333336
2023-05-18,58.025,28.40833333333333,418.9166666666667,21.829166666666666,6.0249999999999995,80.41666666666667,0.385,48.75,2.3541666666666665,92.58333333333333,65.70833333333333
2023-05-19,50.604166666666664,25.6875,372.7916666666667,23.75,5.9125000000000005,82.375,0.2820833333333333,39.208333333333336,2.5770833333333334,82.04166666666667,60.416666666666664
2023-05-20,46.36666666666667,24.8625,361.1666666666667,19.866666666666667,5.370833333333334,91.20833333333333,0.3145833333333333,30.916666666666668,2.54375,87.29166666666667,62.041666666666664
2023-05-21,35.65833333333333,13.6625,210.83333333333334,9.591666666666667,3.8041666666666667,92.16666666666667,0.28708333333333336,45.208333333333336,2.4895833333333335,64.125,47.208333333333336
2023-05-22,41.041666666666664,18.0875,345.5,20.075,5.254166666666666,77.20833333333333,0.28291666666666665,41.458333333333336,2.6479166666666667,54.791666666666664,41.541666666666664
2023-05-23,34.65416666666667,15.775,290.25,16.979166666666668,4.791666666666667,78.58333333333333,0.26458333333333334,31.125,2.6458333333333335,64.58333333333333,44.583333333333336
2023-05-24,46.833333333333336,21.729166666666668,274.75,14.4375,6.245833333333334,80.25,0.4145833333333333,41.541666666666664,2.1979166666666665,66.20833333333333,45.875
2023-05-25,50.50416666666666,22.083333333333332,215.125,10.204166666666667,3.8541666666666665,80.875,0.5379166666666667,54.833333333333336,2.1083333333333334,70.70833333333333,54.916666666666664
2023-05-26,51.975,23.895833333333332,241.75,12.950000000000001,3.9625,82.0,0.47208333333333335,50.458333333333336,2.3854166666666665,73.95833333333333,61.375
2023-05-27,47.137499999999996,22.15833333333333,292.4166666666667,18.0625,5.295833333333333,66.04166666666667,0.4666666666666666,43.333333333333336,2.0395833333333333,72.79166666666667,56.625
2023-05-28,49.81666666666666,25.05,305.2916666666667,15.666666666666666,5.3500000000000005,81.125,0.44125,39.375,1.9270833333333333,78.16666666666667,59.166666666666664
2023-05-29,46.875,24.729166666666668,305.0,17.400000000000002,5.933333333333334,85.875,0.4925,30.875,2.1395833333333334,78.33333333333333,56.75
2023-05-30,50.88333333333333,25.7,265.375,11.633333333333333,4.991666666666666,99.20833333333333,0.5279166666666667,38.041666666666664,2.1062499999999997,82.75,61.166666666666664
2023-05-31,50.104166666666664,23.900000000000002,258.9583333333333,11.566666666666668,3.920833333333333,93.54166666666667,0.49541666666666667,45.458333333333336,2.1145833333333335,77.375,60.041666666666664
2023-06-01,51.041666666666664,26.858333333333334,336.0416666666667,18.5,4.6499999999999995,80.70833333333333,0.46416666666666667,33.333333333333336,2.3208333333333333,79.08333333333333,60.666666666666664
2023-06-02,51.55416666666667,24.72083333333333,291.7083333333333,16.383333333333333,4.575,80.83333333333333,0.48458333333333337,42.916666666666664,2.3854166666666665,77.125,59.583333333333336
2023-06-03,54.98333333333333,28.579166666666666,329.9166666666667,17.908333333333335,5.25,81.08333333333333,0.4295833333333334,38.375,2.214583333333333,85.66666666666667,63.208333333333336
2023-06-04,54.225,28.479166666666668,315.2083333333333,17.037499999999998,4.620833333333334,86.20833333333333,0.5154166666666666,35.25,2.19375,84.20833333333333,62.375
2023-06-05,39.204166666666666,23.833333333333332,341.0833333333333,15.929166666666667,5.2124999999999995,109.70833333333333,0.3979166666666667,14.375,2.4125,92.83333333333333,61.666666666666664
2023-06-06,38.75833333333333,23.633333333333336,425.75,23.3125,5.395833333333333,90.16666666666667,0.25333333333333335,13.5,2.566666666666667,81.375,56.916666666666664
2023-06-07,51.93333333333334,29.958333333333332,515.7083333333334,33.375,6.1125,72.54166666666667,0.3020833333333333,23.5,2.4854166666666666,85.33333333333333,62.416666666666664
2023-06-08,43.68333333333334,21.47083333333333,324.0,19.429166666666667,4.758333333333334,79.58333333333333,0.3566666666666667,34.416666666666664,2.2708333333333335,77.91666666666667,57.916666666666664
2023-06-09,37.199999999999996,15.475,208.875,9.633333333333333,4.029166666666667,83.66666666666667,0.2675,40.125,2.6437500000000003,62.208333333333336,43.208333333333336
2023-06-10,33.24166666666667,13.245833333333332,192.33333333333334,9.358333333333333,3.8041666666666667,78.70833333333333,0.25625000000000003,39.458333333333336,2.7604166666666665,54.958333333333336,39.083333333333336
2023-06-11,28.2,11.366666666666667,186.20833333333334,9.629166666666666,4.3,76.45833333333333,0.31958333333333333,33.208333333333336,2.7624999999999997,49.083333333333336,34.916666666666664
2023-06-12,27.3,12.429166666666667,205.29166666666666,11.770833333333334,4.958333333333333,81.08333333333333,0.29250000000000004,25.291666666666668,2.845833333333333,49.375,35.541666666666664
2023-06-13,32.141666666666666,14.279166666666667,190.04166666666666,9.654166666666667,4.8374999999999995,74.20833333333333,0.22624999999999998,30.166666666666668,2.9562500000000003,53.916666666666664,33.416666666666664
2023-06-14,38.18333333333333,16.358333333333334,166.95833333333334,7.1625000000000005,4.875,75.79166666666667,0.36125,39.625,2.795833333333334,57.208333333333336,36.416666666666664
2023-06-15,44.92083333333333,19.591666666666665,179.41666666666666,9.020833333333334,4.325,75.875,0.4795833333333333,44.291666666666664,2.5291666666666663,61.291666666666664,41.75
2023-06-16,37.9375,18.470833333333335,208.125,12.575000000000001,3.8708333333333336,62.083333333333336,0.3675,32.041666666666664,2.066666666666667,65.5,44.083333333333336
2023-06-17,47.15,20.995833333333334,214.875,13.387500000000001,5.2124999999999995,63.291666666666664,0.3941666666666667,47.541666666666664,1.7,68.41666666666667,48.833333333333336
2023-06-18,33.987500000000004,15.6875,150.0,6.666666666666667,4.383333333333334,67.25,0.25083333333333335,35.541666666666664,1.6791666666666665,63.375,43.0
2023-06-19,26.208333333333332,15.845833333333333,222.875,12.479166666666666,3.7083333333333335,72.91666666666667,0.225,11.208333333333334,1.1354166666666667,53.5,32.375
2023-06-20,49.354166666666664,26.537499999999998,264.7916666666667,15.112499999999999,4.833333333333333,74.70833333333333,0.7691666666666667,33.791666666666664,1.3666666666666665,70.45833333333333,47.291666666666664
2023-06-21,49.84583333333333,23.825,248.625,14.633333333333333,4.066666666666666,67.29166666666667,0.6604166666666667,46.083333333333336,2.0749999999999997,79.75,60.916666666666664
2023-06-22,49.854166666666664,22.22083333333333,191.79166666666666,9.333333333333334,3.466666666666667,72.41666666666667,0.7254166666666667,52.416666666666664,1.9562499999999998,72.20833333333333,58.625
2023-06-23,54.479166666666664,26.054166666666664,223.5,12.358333333333334,3.875,68.83333333333333,0.7729166666666667,50.916666666666664,1.6458333333333333,75.66666666666667,60.916666666666664
2023-06-24,54.15,26.604166666666668,292.4166666666667,17.195833333333333,4.595833333333333,68.25,0.7741666666666666,46.625,1.9541666666666666,77.70833333333333,60.791666666666664
2023-06-25,53.512499999999996,31.325,284.6666666666667,16.633333333333333,5.3374999999999995,65.0,0.8720833333333333,25.75,1.2375,88.41666666666667,64.16666666666667
2023-06-26,51.11666666666667,33.487500000000004,324.9583333333333,18.583333333333332,6.545833333333333,74.41666666666667,0.94125,10.625,1.1812500000000001,94.375,66.33333333333333
2023-06-27,45.73333333333333,27.745833333333334,301.0833333333333,14.808333333333332,5.241666666666666,79.25,0.6545833333333334,19.333333333333332,0.9708333333333333,89.33333333333333,64.41666666666667
2023-06-28,38.65833333333333,23.05,296.75,13.704166666666666,5.779166666666666,84.83333333333333,0.5754166666666667,18.625,1.7916666666666667,82.04166666666667,60.416666666666664
2023-06-29,33.30416666666667,22.554166666666664,331.1666666666667,17.325,6.729166666666667,78.29166666666667,0.5158333333333334,3.2083333333333335,1.2104166666666667,71.875,50.666666666666664
2023-06-30,42.76666666666667,26.84166666666667,374.9583333333333,21.241666666666667,7.395833333333333,76.75,0.6345833333333334,13.5,1.4124999999999999,78.75,57.958333333333336
2023-07-01,54.03333333333333,23.825,286.375,15.791666666666666,5.745833333333334,73.58333333333333,0.47583333333333333,55.333333333333336,2.30625,77.75,60.083333333333336
2023-07-02,61.699999999999996,22.045833333333334,211.54166666666666,8.958333333333334,3.7624999999999997,69.83333333333333,0.46291666666666664,73.16666666666667,2.2291666666666665,71.16666666666667,62.666666666666664
2023-07-03,98.79583333333333,25.15416666666667,235.875,11.9125,4.933333333333334,67.79166666666667,0.5470833333333334,188.45833333333334,2.2937499999999997,74.75,69.41666666666667
2023-07-04,107.83333333333333,25.3125,233.125,10.641666666666667,5.091666666666667,77.5,0.5383333333333333,211.625,2.0333333333333337,78.83333333333333,82.875
2023-07-05,72.96249999999999,29.254166666666666,272.5833333333333,13.695833333333333,6.158333333333334,85.29166666666667,0.6508333333333333,91.125,1.8958333333333333,83.79166666666667,78.45833333333333
2023-07-06,56.13333333333333,31.366666666666664,374.875,19.533333333333335,6.716666666666666,87.58333333333333,0.7912500000000001,33.166666666666664,1.0,91.125,67.58333333333333
2023-07-07,23.491666666666664,16.083333333333332,272.4583333333333,9.345833333333333,4.825,94.5,0.5295833333333334,1.9166666666666667,1.7729166666666665,75.45833333333333,54.375
2023-07-08,26.270833333333332,18.4875,292.875,12.379166666666668,5.520833333333333,77.04166666666667,0.5591666666666667,0.16666666666666666,0.9104166666666668,64.91666666666667,39.166666666666664
2023-07-09,19.391666666666666,13.575000000000001,226.41666666666666,9.658333333333333,4.520833333333333,77.33333333333333,0.43375,0.0,1.4479166666666667,55.041666666666664,35.25
2023-07-10,22.541666666666668,15.608333333333334,283.5416666666667,14.266666666666666,6.133333333333333,69.16666666666667,0.40291666666666665,0.875,1.05625,53.666666666666664,32.5
2023-07-11,73.54166666666667,28.6875,413.5,20.595833333333335,9.166666666666666,87.08333333333333,0.4558333333333333,100.91666666666667,2.410416666666667,80.29166666666667,54.25
2023-07-12,107.99583333333334,37.6,384.0416666666667,21.52916666666667,8.983333333333333,83.33333333333333,0.45208333333333334,163.66666666666666,2.1729166666666666,95.58333333333333,77.75
2023-07-13,146.20000000000002,43.7125,270.8333333333333,15.108333333333334,6.654166666666666,70.79166666666667,0.5683333333333334,259.2083333333333,1.89375,115.54166666666667,92.45833333333333
2023-07-14,88.30416666666667,30.40833333333333,209.16666666666666,10.270833333333334,4.879166666666666,65.29166666666667,0.64875,139.08333333333334,1.6833333333333333,103.79166666666667,85.58333333333333
2023-07-15,89.85833333333333,29.1125,201.08333333333334,10.695833333333333,5.004166666666666,57.75,0.7016666666666667,141.0,1.5166666666666666,85.95833333333333,74.66666666666667
2023-07-16,95.99583333333334,34.487500000000004,225.79166666666666,14.325000000000001,5.466666666666666,50.708333333333336,0.7479166666666667,146.0,1.175,87.41666666666667,74.66666666666667
2023-07-17,113.7375,39.862500000000004,219.79166666666666,11.345833333333333,4.854166666666667,66.83333333333333,0.7804166666666666,186.29166666666666,1.6416666666666666,106.41666666666667,84.08333333333333
2023-07-18,88.125,32.699999999999996,253.25,13.858333333333334,5.6875,68.375,0.78625,126.95833333333333,1.3604166666666666,107.79166666666667,82.75
2023-07-19,35.395833333333336,22.1375,291.3333333333333,14.525,4.670833333333333,76.29166666666667,0.4708333333333334,12.583333333333334,1.9270833333333333,83.29166666666667,65.45833333333333
2023-07-20,43.09583333333333,26.995833333333334,302.625,13.579166666666666,6.8125,83.75,0.4908333333333333,8.416666666666666,2.347916666666667,74.5,54.0
2023-07-21,48.64166666666667,27.6875,288.0,12.991666666666667,6.008333333333333,81.66666666666667,0.51125,27.5,2.2604166666666665,85.41666666666667,62.791666666666664
2023-07-22,55.770833333333336,22.229166666666668,241.04166666666666,8.816666666666666,5.4750000000000005,90.33333333333333,0.43,73.625,2.222916666666667,77.79166666666667,58.416666666666664
2023-07-23,28.616666666666664,16.145833333333332,209.625,6.904166666666666,4.8374999999999995,88.58333333333333,0.3829166666666666,16.0,2.3291666666666666,65.95833333333333,58.625
2023-07-24,35.81666666666667,24.479166666666668,223.66666666666666,10.745833333333332,6.666666666666667,82.375,0.465,0.8333333333333334,2.435416666666667,62.583333333333336,41.958333333333336
2023-07-25,39.24166666666667,27.358333333333334,269.2916666666667,13.858333333333334,6.9875,82.125,0.6279166666666667,0.0,1.5770833333333334,84.70833333333333,62.541666666666664
2023-07-26,28.645833333333332,20.016666666666666,252.54166666666666,12.424999999999999,4.916666666666667,72.875,0.5962500000000001,0.2916666666666667,1.1854166666666668,74.70833333333333,53.5
2023-07-27,25.65416666666667,17.974999999999998,256.0416666666667,12.279166666666667,5.395833333333333,74.875,0.4979166666666666,0.041666666666666664,1.5791666666666666,63.083333333333336,40.791666666666664
2023-07-28,18.900000000000002,12.987499999999999,225.79166666666666,11.179166666666667,4.020833333333333,59.791666666666664,0.2970833333333333,2.125,1.5208333333333333,58.416666666666664,33.375
2023-07-29,18.308333333333334,11.020833333333334,183.25,8.929166666666665,3.7375000000000003,55.625,0.24833333333333332,9.5,1.3583333333333334,47.541666666666664,26.291666666666668
2023-07-30,35.0875,14.6875,170.20833333333334,8.416666666666666,3.316666666666667,53.833333333333336,0.34874999999999995,41.75,1.4520833333333334,48.541666666666664,27.583333333333332
2023-07-31,57.81666666666666,21.53333333333333,175.5,8.845833333333333,3.7583333333333333,54.708333333333336,0.48374999999999996,87.95833333333333,1.2104166666666667,64.04166666666667,51.458333333333336
2023-08-01,79.10416666666667,23.849999999999998,169.66666666666666,7.75,3.8208333333333333,60.375,0.4466666666666667,145.33333333333334,2.01875,71.58333333333333,66.29166666666667
2023-08-02,53.854166666666664,19.004166666666666,154.0,6.216666666666666,3.345833333333333,58.083333333333336,0.45875,80.95833333333333,1.7145833333333333,72.5,68.125
2023-08-03,74.72083333333333,22.47083333333333,165.29166666666666,6.825,3.7583333333333333,62.833333333333336,0.4175,113.20833333333333,1.5,69.33333333333333,67.33333333333333
2023-08-04,84.22916666666667,25.037499999999998,197.5,9.666666666666666,4.541666666666667,64.375,0.49791666666666673,144.54166666666666,1.9208333333333334,72.33333333333333,69.875
2023-08-05,61.824999999999996,21.333333333333332,191.79166666666666,8.9625,4.233333333333333,63.958333333333336,0.5104166666666666,93.08333333333333,1.9958333333333333,76.25,70.0
2023-08-06,81.22500000000001,23.366666666666664,151.0,5.7,3.329166666666667,64.54166666666667,0.46166666666666667,146.58333333333334,1.9937500000000001,69.33333333333333,64.79166666666667
2023-08-07,105.56666666666666,23.383333333333336,138.29166666666666,4.7,2.891666666666667,57.916666666666664,0.5241666666666667,224.66666666666666,1.6916666666666667,75.41666666666667,78.41666666666667
2023-08-08,116.8,25.233333333333334,142.91666666666666,5.325,2.9125,55.875,0.56125,250.25,1.6083333333333334,79.16666666666667,85.29166666666667
2023-08-09,104.22500000000001,24.708333333333332,157.625,7.283333333333334,3.5833333333333335,54.291666666666664,0.6183333333333333,192.875,1.0062499999999999,77.875,84.16666666666667
2023-08-10,87.65416666666665,25.333333333333332,174.20833333333334,8.233333333333333,3.8000000000000003,56.083333333333336,0.5008333333333334,151.20833333333334,1.8645833333333333,78.20833333333333,78.83333333333333
2023-08-11,76.14999999999999,22.233333333333334,167.29166666666666,7.770833333333333,3.7916666666666665,57.333333333333336,0.45291666666666663,126.75,2.1395833333333334,74.625,70.75
2023-08-12,86.45416666666667,23.741666666666664,151.58333333333334,7.120833333333334,3.6750000000000003,56.583333333333336,0.45875,153.29166666666666,1.9145833333333335,75.5,74.66666666666667
2023-08-13,71.72500000000001,21.34166666666667,166.29166666666666,8.416666666666666,3.725,49.291666666666664,0.41875,124.5,1.40625,72.79166666666667,73.08333333333333
2023-08-14,55.39166666666667,21.425,223.5,14.658333333333333,5.229166666666667,44.375,0.41791666666666666,69.25,1.6229166666666668,67.91666666666667,63.375
2023-08-15,58.925000000000004,23.683333333333334,211.58333333333334,11.737499999999999,5.0249999999999995,58.208333333333336,0.48500000000000004,68.79166666666667,1.9520833333333334,72.375,63.125
2023-08-16,73.39999999999999,25.579166666666666,186.625,8.366666666666667,4.1499999999999995,68.58333333333333,0.5708333333333333,105.375,2.0770833333333334,77.29166666666667,67.08333333333333
2023-08-17,91.72083333333335,26.400000000000002,176.20833333333334,7.325,3.9291666666666667,66.16666666666667,0.4675,163.75,2.247916666666667,80.95833333333333,73.75
2023-08-18,89.87083333333334,26.695833333333336,193.58333333333334,8.904166666666667,4.804166666666666,68.41666666666667,0.44708333333333333,157.0,2.222916666666667,80.375,76.5
2023-08-19,80.95416666666667,32.00416666666667,273.7916666666667,13.466666666666667,6.5375000000000005,75.125,0.6754166666666667,105.0,1.4958333333333333,81.25,73.58333333333333
2023-08-20,48.020833333333336,31.858333333333334,366.5,18.754166666666666,7.608333333333333,81.41666666666667,0.5908333333333333,7.833333333333333,1.7083333333333333,100.79166666666667,69.58333333333333
2023-08-21,49.96666666666667,34.275,403.5416666666667,21.77916666666667,9.541666666666666,87.04166666666667,0.6458333333333334,1.6666666666666667,2.1374999999999997,94.54166666666667,65.41666666666667
2023-08-22,56.76666666666667,27.849999999999998,269.7083333333333,12.262500000000001,6.166666666666667,72.79166666666667,0.4979166666666666,47.083333333333336,2.058333333333333,92.08333333333333,65.375
2023-08-23,48.75833333333333,15.533333333333333,143.58333333333334,6.208333333333333,3.9625,54.458333333333336,0.42375,84.91666666666667,1.48125,69.54166666666667,58.5
2023-08-24,71.77499999999999,16.962500000000002,154.125,6.8999999999999995,3.4791666666666665,52.291666666666664,0.3441666666666667,138.08333333333334,1.6020833333333335,57.958333333333336,64.70833333333333
2023-08-25,94.3125,22.4875,159.54166666666666,7.408333333333334,3.6291666666666664,56.208333333333336,0.4166666666666667,180.79166666666666,1.95,65.5,71.33333333333333
2023-08-26,101.46666666666665,24.370833333333334,163.625,8.354166666666666,3.8333333333333335,57.541666666666664,0.6766666666666666,190.04166666666666,1.7604166666666667,73.16666666666667,76.875
2023-08-27,134.50416666666666,30.099999999999998,140.29166666666666,5.408333333333334,3.6791666666666667,65.625,0.6675,267.9583333333333,1.9354166666666668,84.125,88.79166666666667
2023-08-28,92.86666666666667,25.287499999999998,145.83333333333334,6.495833333333334,3.875,62.916666666666664,0.4679166666666667,163.375,2.2041666666666666,85.625,88.20833333333333
2023-08-29,87.64166666666667,26.02916666666667,159.5,7.045833333333333,3.85,63.75,0.34958333333333336,149.66666666666666,2.316666666666667,78.875,75.29166666666667
2023-08-30,69.46249999999999,24.045833333333334,181.16666666666666,8.195833333333333,4.379166666666666,68.83333333333333,0.4191666666666667,100.45833333333333,2.2125,78.5,73.0
2023-08-31,78.77499999999999,24.53333333333333,186.58333333333334,7.554166666666666,4.1875,76.125,0.39208333333333334,125.75,2.027083333333333,75.83333333333333,68.5
2023-09-01,68.39999999999999,23.366666666666664,197.95833333333334,7.441666666666666,4.466666666666667,79.08333333333333,0.3666666666666667,100.625,2.1354166666666665,76.41666666666667,70.16666666666667
2023-09-02,62.87916666666666,21.420833333333334,185.375,7.083333333333333,4.629166666666666,80.08333333333333,0.2941666666666667,92.625,2.3958333333333335,72.20833333333333,66.54166666666667
2023-09-03,56.0,17.683333333333334,170.75,7.25,4.341666666666667,73.41666666666667,0.20125,87.45833333333333,2.441666666666667,66.375,63.708333333333336
2023-09-04,52.85833333333333,16.55,172.875,6.95,4.125,72.45833333333333,0.22708333333333333,86.54166666666667,2.379166666666667,59.583333333333336,61.333333333333336
2023-09-05,55.60833333333333,20.858333333333334,204.41666666666666,6.5125,5.066666666666666,89.08333333333333,0.3425,77.20833333333333,2.129166666666667,63.083333333333336,60.958333333333336
2023-09-06,38.795833333333334,23.333333333333332,304.625,11.170833333333334,6.925,93.125,0.3233333333333333,12.791666666666666,2.160416666666667,77.45833333333333,61.458333333333336
2023-09-07,34.016666666666666,22.370833333333334,330.25,16.400000000000002,7.854166666666667,83.625,0.29125,4.375,1.8895833333333334,74.0,52.166666666666664
2023-09-08,39.28333333333333,24.366666666666664,314.75,9.125,7.1125,96.45833333333333,0.3566666666666667,12.708333333333334,1.79375,76.54166666666667,55.541666666666664
2023-09-09,22.833333333333332,14.445833333333333,260.4166666666667,6.770833333333333,6.304166666666667,87.16666666666667,0.24916666666666668,8.166666666666666,1.7166666666666668,66.41666666666667,46.125
2023-09-10,31.354166666666668,18.566666666666666,296.125,10.625,8.616666666666667,94.25,0.27708333333333335,14.583333333333334,1.9437499999999999,68.625,43.125
2023-09-11,28.791666666666668,18.904166666666665,318.4583333333333,10.533333333333333,7.6875,101.41666666666667,0.4245833333333333,4.625,1.8875,74.0,47.416666666666664
2023-09-12,39.895833333333336,24.729166666666668,359.6666666666667,17.654166666666665,9.708333333333334,89.95833333333333,0.4025,14.25,1.7895833333333335,77.70833333333333,51.958333333333336
2023-09-13,45.15416666666667,22.2,240.79166666666666,11.304166666666667,5.925,72.20833333333333,0.4220833333333333,38.916666666666664,1.8916666666666666,75.70833333333333,56.791666666666664
2023-09-14,39.34583333333333,20.545833333333334,232.375,10.491666666666667,5.966666666666666,75.5,0.53125,28.958333333333332,1.7062499999999998,68.0,47.375
2023-09-15,40.645833333333336,23.895833333333332,307.8333333333333,14.225,7.0874999999999995,80.04166666666667,0.4270833333333333,19.75,2.00625,76.625,55.125
2023-09-16,27.65833333333333,19.087500000000002,284.625,7.320833333333333,6.920833333333333,89.0,0.4679166666666667,0.375,1.1166666666666667,70.79166666666667,47.416666666666664
2023-09-17,18.616666666666667,13.091666666666667,196.33333333333334,5.204166666666667,6.445833333333333,69.20833333333333,0.3720833333333333,0.0,1.0354166666666667,59.5,33.166666666666664
2023-09-18,12.195833333333333,8.549999999999999,184.29166666666666,7.458333333333333,6.441666666666666,54.958333333333336,0.25416666666666665,0.375,0.7604166666666666,39.041666666666664,25.458333333333332
2023-09-19,17.208333333333332,11.875,209.875,9.133333333333333,6.733333333333333,61.916666666666664,0.23333333333333336,0.75,1.925,43.875,26.666666666666668
2023-09-20,26.683333333333334,17.962500000000002,291.875,18.179166666666667,8.954166666666667,61.125,0.24208333333333334,1.4583333333333333,1.8812499999999999,56.041666666666664,33.083333333333336
2023-09-21,25.400000000000002,17.429166666666667,319.25,17.216666666666665,8.316666666666666,69.375,0.2316666666666667,0.625,1.7354166666666666,63.375,42.125
2023-09-22,24.925,16.837500000000002,275.2916666666667,11.591666666666667,5.591666666666666,77.625,0.29125,2.2916666666666665,1.3499999999999999,58.833333333333336,38.958333333333336
2023-09-23,35.00416666666667,22.608333333333334,304.0,15.441666666666668,6.7,73.20833333333333,0.33375,8.75,1.33125,66.70833333333333,43.875
2023-09-24,27.291666666666668,18.216666666666665,270.9166666666667,13.191666666666668,5.579166666666667,72.75,0.26166666666666666,4.958333333333333,1.8708333333333333,71.33333333333333,49.333333333333336
2023-09-25,27.079166666666666,18.0125,300.7916666666667,17.379166666666666,7.420833333333333,72.125,0.2733333333333334,4.458333333333333,1.6395833333333334,60.541666666666664,39.791666666666664
2023-09-26,31.933333333333334,19.412499999999998,295.75,14.045833333333334,7.495833333333334,79.41666666666667,0.2966666666666667,10.75,1.695833333333333,65.79166666666667,43.375
2023-09-27,68.15833333333333,35.5625,420.0,23.95,10.608333333333333,74.16666666666667,0.44875,43.541666666666664,1.5666666666666667,87.79166666666667,61.541666666666664
2023-09-28,63.479166666666664,31.09166666666667,367.125,21.008333333333333,8.3375,74.75,0.2916666666666667,54.791666666666664,1.8541666666666667,90.70833333333333,65.33333333333333
2023-09-29,65.06666666666666,33.94583333333333,434.8333333333333,25.066666666666666,9.991666666666667,77.625,0.2654166666666667,44.416666666666664,1.8395833333333333,98.75,67.58333333333333
2023-09-30,51.949999999999996,27.145833333333332,419.25,22.858333333333334,8.966666666666667,75.95833333333333,0.20541666666666666,33.666666666666664,1.9749999999999999,91.45833333333333,64.58333333333333
2023-10-01,58.98333333333333,28.758333333333336,366.7083333333333,18.224999999999998,8.108333333333333,82.83333333333333,0.25416666666666665,45.666666666666664,1.9124999999999999,85.16666666666667,62.708333333333336
2023-10-02,53.083333333333336,25.2625,310.4583333333333,12.991666666666667,7.091666666666666,89.04166666666667,0.29833333333333334,44.166666666666664,1.8499999999999999,85.83333333333333,62.958333333333336
2023-10-03,60.854166666666664,30.316666666666666,370.875,18.116666666666667,8.591666666666667,83.125,0.3016666666666667,42.708333333333336,1.8125,84.91666666666667,62.541666666666664
2023-10-04,62.387499999999996,29.625,405.0416666666667,20.545833333333334,8.983333333333333,75.66666666666667,0.2541666666666667,49.25,1.9041666666666666,91.04166666666667,65.875
2023-10-05,46.85,23.0125,310.0416666666667,13.804166666666667,6.6875,83.95833333333333,0.21708333333333332,35.583333333333336,1.9145833333333335,82.04166666666667,60.666666666666664
2023-10-06,33.3375,16.391666666666666,199.04166666666666,5.991666666666667,4.5,90.625,0.20125,24.333333333333332,1.875,67.08333333333333,46.333333333333336
2023-10-07,28.445833333333336,16.758333333333333,199.25,6.454166666666667,4.620833333333334,86.66666666666667,0.17500000000000002,8.75,1.9145833333333335,58.75,38.416666666666664
2023-10-08,33.395833333333336,19.454166666666666,206.41666666666666,6.645833333333333,4.895833333333333,81.75,0.24458333333333335,11.916666666666666,1.8,63.666666666666664,39.791666666666664
2023-10-09,30.974999999999998,18.354166666666668,199.20833333333334,6.675,5.170833333333333,82.625,0.2579166666666667,8.916666666666666,1.7958333333333334,65.79166666666667,40.5
2023-10-10,44.8125,21.1875,207.83333333333334,8.204166666666667,5.5249999999999995,78.33333333333333,0.27291666666666664,40.166666666666664,1.695833333333333,62.541666666666664,39.958333333333336
2023-10-11,38.045833333333334,19.7375,231.91666666666666,9.379166666666666,5.520833333333333,80.0,0.22916666666666666,26.958333333333332,1.7854166666666667,70.20833333333333,49.958333333333336
2023-10-12,47.5625,22.483333333333334,329.9166666666667,15.233333333333334,8.041666666666666,77.16666666666667,0.16666666666666666,37.75,1.7520833333333332,70.95833333333333,50.25
2023-10-13,30.78333333333333,17.0125,277.1666666666667,12.85,5.8374999999999995,79.08333333333333,0.15625,16.458333333333332,1.76875,68.45833333333333,49.583333333333336
2023-10-14,31.204166666666666,17.974999999999998,231.20833333333334,8.4125,4.2124999999999995,89.375,0.21875,10.583333333333334,1.3875000000000002,62.5,41.666666666666664
2023-10-15,41.387499999999996,24.770833333333332,277.1666666666667,12.720833333333333,5.754166666666666,75.54166666666667,0.31124999999999997,7.5,1.3479166666666667,70.66666666666667,47.541666666666664
2023-10-16,18.900000000000002,11.25,233.625,10.820833333333333,5.0125,65.875,0.2775,5.333333333333333,1.5020833333333332,64.54166666666667,42.125
2023-10-17,50.22083333333333,27.104166666666668,260.8333333333333,9.637500000000001,6.341666666666666,85.5,0.44208333333333333,23.333333333333332,1.1895833333333334,61.791666666666664,42.875
2023-10-18,50.775,26.820833333333336,285.3333333333333,11.220833333333333,7.345833333333334,83.79166666666667,0.31083333333333335,27.958333333333332,1.4041666666666668,87.625,63.708333333333336
2023-10-19,45.416666666666664,21.3,307.625,13.5,8.408333333333333,82.16666666666667,0.18958333333333333,37.375,1.6375,73.41666666666667,54.166666666666664
2023-10-20,50.083333333333336,25.295833333333334,334.9166666666667,12.504166666666668,9.120833333333334,91.125,0.22416666666666665,31.416666666666668,1.5520833333333333,80.33333333333333,58.5
2023-10-21,55.51666666666667,27.541666666666668,363.75,13.795833333333334,8.799999999999999,94.33333333333333,0.25875,35.416666666666664,1.4541666666666666,83.79166666666667,61.583333333333336
2023-10-22,58.05416666666667,29.695833333333336,373.4166666666667,11.966666666666667,9.987499999999999,106.04166666666667,0.3429166666666667,31.416666666666668,1.3083333333333333,94.75,64.08333333333333
2023-10-23,58.82916666666667,28.5125,352.5833333333333,11.683333333333332,9.9,93.41666666666667,0.2891666666666667,39.958333333333336,1.3354166666666665,89.70833333333333,64.125
2023-10-24,70.04166666666667,28.045833333333334,333.0,12.275,8.387500000000001,84.83333333333333,0.27166666666666667,71.375,1.3187499999999999,82.625,66.04166666666667
2023-10-25,62.0625,29.875,376.0,15.395833333333334,8.308333333333334,81.375,0.28250000000000003,42.541666666666664,1.28125,85.375,65.625
2023-10-26,49.275,28.8625,395.875,15.720833333333333,8.654166666666667,82.375,0.22583333333333333,16.958333333333332,1.4708333333333332,89.625,64.20833333333333
2023-10-27,43.86666666666667,23.691666666666666,418.4583333333333,19.829166666666666,9.108333333333333,78.125,0.19208333333333336,22.291666666666668,1.51875,81.83333333333333,59.625
2023-10-28,50.375,29.583333333333332,461.5,25.025000000000002,10.295833333333333,71.625,0.22291666666666665,16.541666666666668,1.09375,79.91666666666667,60.375
2023-10-29,50.50416666666667,30.104166666666668,453.5,23.366666666666664,9.545833333333333,75.75,0.1625,13.208333333333334,1.40625,95.45833333333333,66.70833333333333
2023-10-30,48.43333333333334,29.083333333333332,395.0416666666667,15.754166666666668,8.487499999999999,88.70833333333333,0.19666666666666666,8.583333333333334,1.3104166666666666,85.79166666666667,62.666666666666664
2023-10-31,71.97916666666667,40.416666666666664,458.0833333333333,15.795833333333334,10.887500000000001,97.04166666666667,0.3954166666666667,17.666666666666668,1.1604166666666667,99.08333333333333,67.375
2023-11-01,94.72500000000001,51.52916666666667,478.0416666666667,14.1875,11.008333333333333,101.95833333333333,0.52625,22.375,1.1187500000000001,129.33333333333334,77.66666666666667
2023-11-02,91.1375,51.31666666666666,500.875,15.566666666666668,9.883333333333333,83.75,0.5983333333333333,18.75,1.0562500000000001,138.70833333333334,80.79166666666667
2023-11-03,100.08749999999999,55.300000000000004,520.0416666666666,18.087500000000002,9.695833333333333,77.125,0.6120833333333333,26.833333333333332,1.0083333333333333,147.83333333333334,83.95833333333333
2023-11-04,94.89583333333333,54.112500000000004,478.2083333333333,14.795833333333334,9.179166666666667,85.45833333333333,0.5520833333333334,18.875,0.9625,143.33333333333334,82.29166666666667
2023-11-05,92.57083333333333,52.725,538.4583333333334,21.5125,11.0375,78.54166666666667,0.51375,18.375,1.0625,146.95833333333334,83.5
2023-11-06,113.25,65.575,572.1666666666666,19.125,11.316666666666668,95.58333333333333,0.47291666666666665,17.291666666666668,1.0229166666666667,153.04166666666666,89.625
2023-11-07,99.43333333333334,58.229166666666664,556.7916666666666,19.929166666666667,9.487499999999999,80.04166666666667,0.39458333333333334,12.333333333333334,1.0854166666666667,152.79166666666666,88.75
2023-11-08,108.06666666666666,63.395833333333336,637.375,24.270833333333332,11.6,76.04166666666667,0.5491666666666667,13.0,0.9291666666666667,151.875,87.16666666666667
2023-11-09,84.58333333333333,49.74166666666667,629.5416666666666,28.5,10.4125,63.5,0.6795833333333333,10.541666666666666,0.8979166666666667,144.5,83.75
2023-11-10,84.51666666666667,50.083333333333336,522.625,19.55,9.229166666666666,75.58333333333333,0.6466666666666666,6.958333333333333,0.7541666666666668,134.66666666666666,79.41666666666667
2023-11-11,78.55416666666666,48.637499999999996,490.4166666666667,14.133333333333333,9.4625,75.25,0.34,5.416666666666667,1.0625,141.16666666666666,81.66666666666667
2023-11-12,42.291666666666664,27.22083333333333,418.7916666666667,15.308333333333332,8.733333333333333,73.75,0.18083333333333332,4.666666666666667,1.2020833333333334,101.70833333333333,68.5
2023-11-13,50.645833333333336,33.49166666666667,507.875,21.212500000000002,10.575000000000001,80.375,0.30416666666666664,5.458333333333333,1.0666666666666667,85.66666666666667,62.833333333333336
2023-11-14,75.76666666666667,50.449999999999996,583.5,21.208333333333332,12.204166666666666,81.29166666666667,0.5295833333333333,7.166666666666667,0.9125000000000001,116.125,73.54166666666667
2023-11-15,103.46666666666665,68.85833333333333,565.75,18.0125,10.791666666666666,81.91666666666667,0.725,6.0,0.8770833333333333,150.25,87.125
2023-11-16,132.63750000000002,86.8,608.9583333333334,18.691666666666666,11.799999999999999,89.5,0.7395833333333334,5.75,0.8645833333333334,161.79166666666666,102.33333333333333
2023-11-17,126.73333333333333,83.825,611.375,16.841666666666665,15.299999999999999,98.875,0.7520833333333333,3.0833333333333335,0.8916666666666667,167.375,110.91666666666667
2023-11-18,108.44166666666666,71.63333333333334,698.6666666666666,25.837500000000002,18.441666666666666,98.33333333333333,0.57875,3.7083333333333335,0.9166666666666666,161.04166666666666,101.25
2023-11-19,111.62083333333334,73.27499999999999,717.75,28.491666666666664,15.491666666666667,80.08333333333333,0.5337500000000001,3.3333333333333335,0.9020833333333332,159.0,98.08333333333333
2023-11-20,120.62916666666666,78.83749999999999,685.5,23.366666666666664,13.566666666666668,88.25,0.7404166666666666,1.9583333333333333,0.775,160.25,100.04166666666667
2023-11-21,108.13333333333333,71.39999999999999,580.1666666666666,13.383333333333333,11.820833333333333,103.95833333333333,0.685,2.6666666666666665,0.8333333333333334,161.125,101.45833333333333
2023-11-22,116.47916666666667,77.14583333333333,674.4583333333334,22.004166666666666,13.762500000000001,75.33333333333333,0.5233333333333333,7.166666666666667,0.8833333333333333,160.20833333333334,99.70833333333333
2023-11-23,96.4875,64.03333333333333,716.7916666666666,29.0625,13.958333333333334,68.41666666666667,0.35375,5.958333333333333,0.9395833333333333,157.5,95.875
2023-11-24,119.23333333333333,79.53750000000001,726.25,23.287499999999998,14.483333333333334,83.66666666666667,0.6004166666666667,5.666666666666667,0.8624999999999999,158.0,96.54166666666667
2023-11-25,137.24166666666667,91.90416666666665,753.0833333333334,18.595833333333335,16.6375,102.16666666666667,0.70375,4.458333333333333,0.7125,166.0,108.79166666666667
2023-11-26,101.3125,66.675,534.1666666666666,9.354166666666666,13.654166666666667,107.20833333333333,0.49416666666666664,2.8333333333333335,0.7395833333333334,165.125,107.33333333333333
2023-11-27,72.89999999999999,49.17916666666667,408.5833333333333,9.420833333333333,10.012500000000001,81.25,0.7008333333333333,1.7916666666666667,0.7041666666666666,151.0,87.04166666666667
2023-11-28,51.40416666666667,34.0625,339.6666666666667,8.845833333333333,8.666666666666666,85.41666666666667,0.7391666666666666,1.25,0.48124999999999996,95.08333333333333,66.20833333333333
2023-11-29,102.50833333333333,66.60416666666667,532.5416666666666,14.041666666666666,15.120833333333332,80.45833333333333,0.9779166666666667,2.7916666666666665,0.5750000000000001,133.875,80.33333333333333
2023-11-30,109.55,70.375,525.375,11.804166666666667,15.125,83.08333333333333,0.8475,2.7916666666666665,0.6729166666666666,160.25,99.91666666666667
2023-12-01,70.58333333333333,47.94583333333333,482.25,11.674999999999999,9.8125,78.95833333333333,0.685,0.9583333333333334,0.6833333333333335,149.625,87.29166666666667
2023-12-02,82.27499999999999,54.604166666666664,505.75,12.095833333333333,15.262500000000001,80.91666666666667,0.6304166666666667,1.0833333333333333,0.7166666666666667,135.83333333333334,79.91666666666667
2023-12-03,79.07916666666667,52.55833333333334,485.7916666666667,10.15,17.287499999999998,80.29166666666667,0.7029166666666667,1.25,0.34791666666666665,142.58333333333334,82.0
2023-12-04,54.40833333333333,37.229166666666664,435.9166666666667,13.245833333333332,10.775,75.625,0.42791666666666667,0.6666666666666666,0.8041666666666667,126.08333333333333,76.70833333333333
2023-12-05,55.87083333333334,38.395833333333336,494.7083333333333,14.966666666666667,12.262500000000001,74.29166666666667,0.3441666666666667,0.3333333333333333,0.9,103.29166666666667,69.41666666666667
2023-12-06,55.25,38.083333333333336,533.7916666666666,18.816666666666666,13.270833333333334,72.375,0.3125,0.2916666666666667,0.88125,103.66666666666667,69.625
2023-12-07,52.62916666666666,36.43333333333333,633.8333333333334,25.183333333333334,15.241666666666667,68.29166666666667,0.3720833333333333,0.125,0.7791666666666667,103.70833333333333,69.54166666666667
2023-12-08,62.85,43.362500000000004,685.4583333333334,26.241666666666664,16.829166666666666,64.95833333333333,0.43875,0.25,0.7666666666666666,110.0,71.58333333333333
2023-12-09,65.50833333333334,45.24166666666667,737.4166666666666,31.933333333333334,15.0375,55.208333333333336,0.3520833333333333,0.0,0.8416666666666667,124.375,76.20833333333333
2023-12-10,46.800000000000004,32.545833333333334,692.5416666666666,27.895833333333332,14.299999999999999,59.625,0.14666666666666667,0.0,0.9520833333333334,112.0,72.20833333333333
2023-12-11,54.82916666666667,37.800000000000004,663.0416666666666,25.787499999999998,16.908333333333335,69.75,0.19125,0.375,0.8333333333333334,93.70833333333333,65.95833333333333
2023-12-12,60.09583333333333,41.37916666666667,564.25,19.941666666666666,16.7625,85.0,0.2275,0.0,0.8187500000000001,119.79166666666667,74.625
2023-12-13,50.93333333333334,33.80833333333333,504.5416666666667,18.654166666666665,13.466666666666667,81.58333333333333,0.19291666666666665,0.4583333333333333,0.7937500000000001,101.70833333333333,68.83333333333333
2023-12-14,63.38333333333333,39.300000000000004,655.0416666666666,25.170833333333334,16.55,73.16666666666667,0.1975,1.0,0.8312499999999999,100.66666666666667,68.625
2023-12-15,62.916666666666664,43.05833333333334,568.5,21.650000000000002,18.883333333333333,76.875,0.19125,0.4166666666666667,0.9,117.58333333333333,74.0
2023-12-16,59.125,40.770833333333336,570.5,24.566666666666666,16.75,76.5,0.2970833333333333,0.0,0.8333333333333334,111.16666666666667,71.91666666666667
2023-12-17,55.77916666666667,36.766666666666666,641.3333333333334,25.683333333333334,14.691666666666668,63.5,0.23791666666666667,5.458333333333333,0.90625,117.16666666666667,74.0
2023-12-18,60.21666666666667,39.770833333333336,508.6666666666667,10.129166666666666,13.404166666666667,90.375,0.2529166666666667,2.875,0.9208333333333334,108.45833333333333,71.25
2023-12-19,42.4625,28.72083333333333,562.0,12.9,11.341666666666667,78.83333333333333,0.14875,2.0,0.9375,92.83333333333333,65.58333333333333
2023-12-20,48.916666666666664,33.775,646.2916666666666,22.325,18.4375,73.29166666666667,0.11541666666666667,1.0833333333333333,0.8833333333333333,84.625,62.708333333333336
2023-12-21,52.15,36.1625,747.5416666666666,28.508333333333336,22.479166666666668,65.33333333333333,0.1125,0.5416666666666666,0.8250000000000001,103.16666666666667,69.5
2023-12-22,57.02916666666667,39.59583333333333,740.5416666666666,23.829166666666666,20.779166666666665,72.0,0.13041666666666665,0.0,0.9208333333333334,101.04166666666667,68.70833333333333
2023-12-23,88.55833333333334,60.604166666666664,730.75,15.504166666666668,18.191666666666666,90.91666666666667,0.3104166666666667,0.625,0.8229166666666666,138.54166666666666,81.5
2023-12-24,121.81666666666666,82.66666666666667,873.0,19.695833333333333,19.141666666666666,97.875,0.43250000000000005,2.0416666666666665,0.7979166666666666,157.75,96.29166666666667
2023-12-25,127.14583333333333,85.29166666666667,813.7916666666666,21.2,18.283333333333335,88.5,0.41583333333333333,1.9166666666666667,0.7999999999999999,166.29166666666666,109.08333333333333
2023-12-26,101.8,67.41666666666667,653.9583333333334,16.079166666666666,16.3,89.58333333333333,0.2758333333333333,1.1666666666666667,0.8500000000000001,163.375,104.75
2023-12-27,77.85000000000001,51.73333333333333,572.9166666666666,15.708333333333334,13.633333333333333,85.70833333333333,0.2841666666666667,1.2083333333333333,0.84375,145.625,84.20833333333333
2023-12-28,69.34583333333333,47.47083333333333,606.0833333333334,15.733333333333334,13.7125,84.08333333333333,0.21791666666666668,2.4583333333333335,0.8520833333333333,133.16666666666666,78.95833333333333
2023-12-29,91.8,62.395833333333336,670.0416666666666,9.7875,17.241666666666667,115.70833333333333,0.30333333333333334,3.625,0.875,146.45833333333334,85.0
2023-12-30,105.63333333333333,71.84166666666667,748.5833333333334,11.200000000000001,13.404166666666667,110.04166666666667,0.6716666666666667,1.9583333333333333,0.6687500000000001,155.91666666666666,93.375
2023-12-31,106.40416666666665,71.34583333333333,682.7916666666666,9.950000000000001,14.387500000000001,103.16666666666667,1.0216666666666667,1.375,0.55625,158.0,96.625
2024-01-01,87.85416666666667,59.487500000000004,695.75,17.933333333333334,17.425,90.625,0.5104166666666666,0.6666666666666666,0.7999999999999999,154.375,91.0
2024-01-02,93.82916666666667,63.458333333333336,702.375,13.316666666666668,19.608333333333334,104.375,0.49124999999999996,1.8333333333333333,0.8416666666666667,154.45833333333334,91.125
2024-01-03,113.96666666666665,76.41250000000001,799.5,16.825,20.804166666666667,94.79166666666667,0.57375,1.75,0.6645833333333333,155.70833333333334,93.25
2024-01-04,102.6125,69.3625,761.1666666666666,15.25,17.2625,91.33333333333333,0.6058333333333333,1.5,0.7354166666666666,160.25,99.95833333333333
2024-01-05,109.32916666666667,73.69583333333334,856.8333333333334,20.870833333333334,16.891666666666666,82.95833333333333,0.5641666666666667,3.25,0.7541666666666665,157.58333333333334,95.95833333333333
2024-01-06,96.37916666666666,63.73333333333333,691.9166666666666,15.329166666666666,15.924999999999999,83.04166666666667,0.5083333333333333,6.625,0.8041666666666667,156.83333333333334,94.79166666666667
2024-01-07,107.28333333333335,70.89999999999999,760.125,13.700000000000001,16.808333333333334,85.75,0.49500000000000005,5.541666666666667,0.775,156.0,93.79166666666667
2024-01-08,121.65833333333335,81.12916666666666,803.4166666666666,10.854166666666666,15.258333333333333,90.75,0.7841666666666667,3.5416666666666665,0.7020833333333334,161.0,101.20833333333333
2024-01-09,112.33749999999999,75.95,836.5416666666666,14.0625,14.483333333333334,82.33333333333333,1.0799999999999998,2.4583333333333335,0.38749999999999996,165.08333333333334,107.45833333333333
2024-01-10,57.475,38.94166666666667,550.5833333333334,13.916666666666666,10.987499999999999,71.41666666666667,0.18500000000000003,2.0,0.9562499999999999,136.125,82.95833333333333
2024-01-11,71.30416666666666,48.449999999999996,667.25,26.0125,16.954166666666666,71.29166666666667,0.13625,2.25,0.9729166666666668,120.04166666666667,74.70833333333333
2024-01-12,74.50416666666666,51.199999999999996,786.0416666666666,33.6625,19.570833333333333,69.0,0.15875,0.8333333333333334,1.0208333333333333,130.58333333333334,78.25
2024-01-13,77.7375,53.362500000000004,721.5833333333334,24.041666666666668,17.316666666666666,80.91666666666667,0.23750000000000002,0.3333333333333333,0.9666666666666667,144.08333333333334,82.45833333333333
2024-01-14,91.94583333333333,63.40416666666667,822.0,21.787499999999998,19.666666666666668,101.08333333333333,0.3620833333333333,0.0,0.8895833333333334,151.16666666666666,87.33333333333333
2024-01-15,103.53750000000001,71.17083333333333,876.9583333333334,22.133333333333336,20.516666666666666,102.95833333333333,0.42625,0.4583333333333333,0.875,155.83333333333334,93.29166666666667
2024-01-16,79.49583333333334,54.3375,703.4166666666666,15.054166666666667,15.270833333333334,106.0,0.35041666666666665,0.7916666666666666,0.8937499999999999,155.375,92.70833333333333
2024-01-17,81.54166666666667,54.05833333333334,592.625,10.975,13.725,114.375,0.6066666666666667,2.6666666666666665,0.7687499999999999,139.375,81.08333333333333
2024-01-18,108.82916666666667,71.8625,738.4166666666666,17.670833333333334,19.05,109.25,0.525,2.2083333333333335,0.8416666666666667,153.41666666666666,89.91666666666667
2024-01-19,83.30833333333334,56.22083333333333,583.5833333333334,10.954166666666666,11.775,107.625,0.4575,2.2083333333333335,0.8854166666666666,155.70833333333334,92.95833333333333
2024-01-20,84.58749999999999,57.6625,556.2916666666666,15.154166666666667,10.558333333333334,88.54166666666667,0.3933333333333333,3.125,0.9416666666666665,150.54166666666666,85.41666666666667
2024-01-21,70.98333333333333,47.75,634.1666666666666,19.070833333333333,13.191666666666668,82.625,0.29958333333333337,3.0833333333333335,1.0041666666666667,144.20833333333334,82.625
2024-01-22,76.05,50.708333333333336,660.75,18.070833333333333,13.091666666666667,92.04166666666667,0.2525,3.125,1.04375,131.91666666666666,78.58333333333333
2024-01-23,89.575,59.5,640.6666666666666,14.533333333333333,12.283333333333333,96.54166666666667,0.4695833333333333,4.916666666666667,0.7895833333333333,148.83333333333334,85.83333333333333
2024-01-24,80.41250000000001,52.137499999999996,748.0833333333334,22.933333333333334,14.683333333333332,80.58333333333333,0.3566666666666667,9.958333333333334,0.9020833333333332,137.29166666666666,80.75
2024-01-25,115.75,78.59166666666667,875.7083333333334,13.954166666666666,13.791666666666666,119.33333333333333,0.5812499999999999,5.25,0.7083333333333334,157.58333333333334,96.45833333333333
2024-01-26,94.93333333333334,63.44166666666666,733.5,16.349999999999998,18.7375,105.625,0.4354166666666666,4.375,0.8770833333333333,155.79166666666666,93.125
2024-01-27,85.45,56.30416666666667,664.0,19.395833333333332,17.158333333333335,92.875,0.39125000000000004,4.708333333333333,0.8791666666666668,154.54166666666666,91.20833333333333
2024-01-28,67.13333333333334,43.62916666666666,516.75,13.566666666666668,17.579166666666666,90.83333333333333,0.38208333333333333,5.333333333333333,0.8583333333333334,131.25,78.33333333333333
2024-01-29,55.85,36.11666666666667,517.875,14.804166666666667,13.720833333333333,83.33333333333333,0.345,6.5,0.9791666666666666,110.79166666666667,71.91666666666667
2024-01-30,89.97083333333335,56.612500000000004,748.2083333333334,19.308333333333334,16.133333333333333,86.0,0.5333333333333333,17.375,0.75,121.45833333333333,75.16666666666667
2024-01-31,89.62916666666666,56.30416666666667,602.0416666666666,11.991666666666667,14.229166666666666,95.125,0.6708333333333334,16.375,0.75,152.125,87.54166666666667
2024-02-01,66.11666666666666,34.704166666666666,451.6666666666667,13.958333333333334,10.254166666666666,63.583333333333336,0.295,40.75,0.9895833333333334,126.70833333333333,76.95833333333333
2024-02-02,86.7375,53.31666666666666,553.375,14.108333333333334,11.658333333333333,74.875,0.5125000000000001,24.083333333333332,0.9020833333333332,120.625,74.95833333333333
2024-02-03,77.84166666666667,44.65416666666667,540.125,21.916666666666668,14.5,61.875,0.4579166666666667,30.625,0.8645833333333334,125.08333333333333,76.375
2024-02-04,110.83333333333333,35.55416666666667,374.0416666666667,13.908333333333333,9.016666666666667,60.791666666666664,0.39999999999999997,159.41666666666666,0.8333333333333334,120.75,84.20833333333333
2024-02-05,59.074999999999996,30.02916666666667,358.5416666666667,10.9125,7.916666666666667,67.45833333333333,0.34375,47.916666666666664,1.0958333333333334,91.29166666666667,70.29166666666667
2024-02-06,38.416666666666664,24.108333333333334,386.75,13.908333333333333,8.466666666666667,74.41666666666667,0.19000000000000003,10.875,1.2916666666666667,80.5,59.5
2024-02-07,45.56666666666666,28.633333333333336,367.5416666666667,9.216666666666667,9.775,90.0,0.33791666666666664,11.875,1.1479166666666667,78.75,59.208333333333336
2024-02-08,45.074999999999996,28.245833333333334,384.3333333333333,10.891666666666666,8.5625,79.20833333333333,0.145,10.708333333333334,1.3229166666666667,87.25,63.541666666666664
2024-02-09,42.025,27.733333333333334,495.7083333333333,18.316666666666666,11.025,75.375,0.11916666666666666,5.583333333333333,1.31875,84.25,62.458333333333336
2024-02-10,43.349999999999994,29.474999999999998,474.0833333333333,18.495833333333334,11.408333333333333,80.58333333333333,0.14833333333333334,2.875,1.4104166666666667,84.75,62.416666666666664
2024-02-11,65.36666666666666,44.51666666666667,495.25,17.55,12.470833333333333,88.16666666666667,0.27375,3.8333333333333335,1.3187499999999999,102.75,69.08333333333333
2024-02-12,97.07083333333333,66.30416666666666,587.25,20.670833333333334,14.120833333333332,91.04166666666667,0.4795833333333333,4.958333333333333,1.16875,142.0,82.75
2024-02-13,102.89999999999999,71.20416666666667,613.9583333333334,17.183333333333334,16.191666666666666,104.79166666666667,0.69,2.25,1.0479166666666666,158.83333333333334,97.79166666666667
2024-02-14,110.89583333333333,76.64583333333333,527.75,9.516666666666667,14.450000000000001,116.41666666666667,0.8020833333333334,1.7916666666666667,0.9562499999999999,160.83333333333334,100.95833333333333
2024-02-15,85.35416666666667,57.74583333333334,572.7916666666666,15.6875,12.5625,100.75,0.4395833333333334,5.25,1.2208333333333334,154.95833333333334,92.04166666666667
2024-02-16,76.54583333333333,51.333333333333336,590.125,18.329166666666666,12.220833333333333,100.79166666666667,0.3416666666666666,6.041666666666667,1.3666666666666665,145.41666666666666,83.125
2024-02-17,56.65,38.00833333333333,538.4583333333334,21.204166666666666,11.3125,78.95833333333333,0.23583333333333334,4.958333333333333,1.5,128.54166666666666,77.54166666666667
2024-02-18,47.99583333333334,32.07083333333333,499.5833333333333,19.291666666666668,10.674999999999999,77.16666666666667,0.23958333333333334,5.333333333333333,1.4770833333333335,94.79166666666667,66.375
2024-02-19,40.84166666666667,21.120833333333334,314.7083333333333,10.354166666666666,6.395833333333333,65.41666666666667,0.2041666666666667,29.25,1.5020833333333332,84.20833333333333,61.333333333333336
2024-02-20,61.425000000000004,21.75,221.54166666666666,6.229166666666667,5.1875,78.33333333333333,0.26458333333333334,93.54166666666667,1.4312500000000001,62.875,49.916666666666664
2024-02-21,80.125,34.00833333333333,361.375,14.6,7.608333333333333,69.25,0.33166666666666667,93.45833333333333,1.2354166666666666,88.70833333333333,70.125
2024-02-22,54.22083333333333,24.775000000000002,329.375,10.158333333333333,7.574999999999999,79.41666666666667,0.28208333333333335,51.916666666666664,1.4333333333333333,88.66666666666667,67.54166666666667
2024-02-23,46.15,21.770833333333332,347.0416666666667,13.112499999999999,7.720833333333334,84.25,0.19166666666666665,41.25,1.5729166666666667,72.625,58.291666666666664
2024-02-24,52.54583333333333,26.083333333333332,342.9166666666667,9.708333333333334,8.920833333333333,99.29166666666667,0.3016666666666667,39.708333333333336,1.3145833333333334,79.25,57.666666666666664
2024-02-25,65.57916666666667,33.237500000000004,330.4166666666667,7.833333333333333,9.424999999999999,98.83333333333333,0.36541666666666667,49.458333333333336,1.3791666666666667,89.08333333333333,64.20833333333333
2024-02-26,72.5,37.237500000000004,334.125,8.104166666666666,10.5,95.75,0.39958333333333335,50.791666666666664,0.9208333333333334,98.375,67.83333333333333
2024-02-27,70.5125,38.733333333333334,343.4166666666667,10.1875,9.391666666666667,92.20833333333333,0.55625,36.875,1.39375,107.375,70.75
2024-02-28,65.7625,27.96666666666667,322.2916666666667,9.458333333333334,8.329166666666667,91.875,0.25708333333333333,68.20833333333333,1.7395833333333333,99.70833333333333,69.04166666666667
2024-02-29,48.05833333333334,25.195833333333336,418.5833333333333,15.808333333333332,11.229166666666666,93.83333333333333,0.19791666666666666,33.25,1.9104166666666667,86.0,61.208333333333336
2024-03-01,62.074999999999996,28.583333333333332,349.0,9.120833333333334,7.841666666666666,98.125,0.4154166666666667,53.916666666666664,1.6375,82.41666666666667,62.583333333333336
2024-03-02,76.45416666666667,29.433333333333334,235.29166666666666,4.7124999999999995,6.254166666666666,85.20833333333333,0.3825,90.79166666666667,1.34375,86.45833333333333,66.41666666666667
2024-03-03,69.08333333333333,18.212500000000002,246.875,7.645833333333333,5.020833333333333,79.75,0.17625000000000002,118.25,1.7770833333333333,77.95833333333333,69.70833333333333
2024-03-04,40.208333333333336,15.179166666666667,279.25,9.3125,6.279166666666666,87.45833333333333,0.09541666666666666,53.75,1.8020833333333333,64.0,59.541666666666664
2024-03-05,63.12916666666666,23.770833333333332,310.7916666666667,9.016666666666667,8.066666666666666,91.625,0.17083333333333336,80.70833333333333,1.7895833333333335,71.66666666666667,57.541666666666664
2024-03-06,50.14166666666667,24.491666666666664,390.7916666666667,16.4875,10.920833333333334,86.75,0.2354166666666667,41.875,1.7354166666666666,77.16666666666667,60.875
2024-03-07,50.94583333333333,23.704166666666666,462.875,23.254166666666666,9.591666666666667,67.83333333333333,0.17875,49.25,1.75,79.70833333333333,61.0
2024-03-08,70.625,32.916666666666664,401.8333333333333,14.370833333333332,11.479166666666666,96.375,0.23750000000000002,63.875,1.8166666666666667,88.41666666666667,65.08333333333333
2024-03-09,68.59583333333333,29.808333333333334,339.3333333333333,9.35,10.008333333333333,105.33333333333333,0.19041666666666668,72.125,1.9104166666666667,97.75,69.45833333333333
2024-03-10,68.85833333333333,27.129166666666666,427.0416666666667,16.266666666666666,10.975,99.16666666666667,0.29125,78.95833333333333,1.9041666666666668,90.875,65.375
2024-03-11,70.8875,32.77916666666667,489.875,20.837500000000002,12.15,88.29166666666667,0.31124999999999997,67.29166666666667,1.9958333333333333,95.125,68.625
2024-03-12,71.45416666666667,29.53333333333333,424.0833333333333,14.879166666666665,9.266666666666667,90.33333333333333,0.21541666666666667,81.29166666666667,2.0729166666666665,96.95833333333333,68.58333333333333
2024-03-13,94.70416666666667,29.22083333333333,320.3333333333333,9.133333333333333,9.216666666666667,88.45833333333333,0.29333333333333333,147.0,1.6208333333333333,86.875,71.95833333333333
2024-03-14,114.22500000000001,33.833333333333336,308.0,9.3875,7.716666666666666,82.125,0.3129166666666667,191.83333333333334,1.7833333333333332,92.33333333333333,82.70833333333333
2024-03-15,80.26666666666667,24.991666666666664,283.3333333333333,9.0375,7.4624999999999995,88.83333333333333,0.18458333333333332,125.41666666666667,1.9000000000000001,87.08333333333333,80.25
2024-03-16,76.58749999999999,22.2,302.375,11.712499999999999,8.0625,90.625,0.16541666666666668,120.08333333333333,1.8687500000000001,78.83333333333333,71.04166666666667
2024-03-17,52.92083333333333,20.308333333333334,303.0416666666667,11.495833333333332,7.470833333333334,95.33333333333333,0.15875,66.66666666666667,1.84375,77.54166666666667,65.79166666666667
2024-03-18,72.79166666666667,24.445833333333336,341.125,13.137500000000001,9.066666666666666,88.375,0.19958333333333333,101.91666666666667,2.0229166666666667,76.79166666666667,66.33333333333333
2024-03-19,65.77499999999999,23.395833333333332,390.375,17.866666666666667,8.933333333333334,82.75,0.2225,85.95833333333333,1.7583333333333335,80.33333333333333,66.04166666666667
2024-03-20,66.825,28.150000000000002,403.375,16.354166666666668,9.591666666666667,97.875,0.21208333333333332,75.75,2.060416666666667,86.20833333333333,67.5
2024-03-21,68.125,31.733333333333334,437.5416666666667,14.416666666666666,10.841666666666667,106.0,0.2804166666666667,62.833333333333336,2.002083333333333,100.20833333333333,67.125
2024-03-22,50.31666666666666,25.170833333333334,392.9166666666667,16.458333333333332,10.583333333333334,95.33333333333333,0.24291666666666667,40.083333333333336,2.0875,89.33333333333333,63.375
2024-03-23,77.47916666666667,28.6125,434.0833333333333,18.787499999999998,9.866666666666667,90.45833333333333,0.19666666666666666,100.41666666666667,2.216666666666667,88.75,66.45833333333333
2024-03-24,94.0,29.429166666666664,334.4166666666667,12.729166666666666,7.008333333333333,84.125,0.28833333333333333,148.75,2.0604166666666663,83.125,72.625
2024-03-25,130.95416666666668,39.020833333333336,366.25,12.912500000000001,10.512500000000001,96.875,0.42124999999999996,211.5,1.8125,104.04166666666667,87.91666666666667
2024-03-26,95.425,28.954166666666666,368.625,15.679166666666667,8.258333333333333,86.125,0.3354166666666667,147.08333333333334,1.84375,95.25,84.33333333333333
2024-03-27,66.95833333333333,28.770833333333332,401.5416666666667,19.4125,9.129166666666666,83.66666666666667,0.28250000000000003,71.75,1.9916666666666665,86.875,71.33333333333333
2024-03-28,89.35416666666667,29.108333333333334,352.5,13.320833333333333,8.120833333333334,86.125,0.2970833333333333,133.125,1.8833333333333335,90.45833333333333,70.08333333333333
2024-03-29,87.08749999999999,32.65833333333333,332.9583333333333,11.691666666666668,9.420833333333333,90.58333333333333,0.245,113.20833333333333,2.064583333333333,94.5,79.75
2024-03-30,88.92916666666667,19.541666666666668,204.70833333333334,5.570833333333333,4.504166666666666,83.95833333333333,0.15583333333333335,173.25,2.279166666666667,77.08333333333333,72.45833333333333
2024-03-31,104.46249999999999,21.337500000000002,222.41666666666666,6.4875,5.016666666666667,91.45833333333333,0.28791666666666665,215.16666666666666,2.0791666666666666,70.29166666666667,77.375
2024-04-01,93.64583333333333,24.9375,244.0,7.3,6.283333333333334,98.33333333333333,0.23958333333333334,169.33333333333334,2.2125,80.29166666666667,80.875
2024-04-02,72.66666666666667,21.400000000000002,322.375,14.375,7.9375,90.25,0.24333333333333332,117.91666666666667,2.2270833333333333,81.66666666666667,73.41666666666667
2024-04-03,75.55,23.666666666666668,341.3333333333333,16.79583333333333,8.775,82.25,0.23791666666666667,119.83333333333333,2.0375,76.20833333333333,69.70833333333333
2024-04-04,72.14999999999999,21.925,277.4583333333333,12.1875,6.6499999999999995,80.45833333333333,0.25625000000000003,117.25,1.7854166666666667,73.04166666666667,68.875
2024-04-05,94.10416666666667,27.916666666666668,280.8333333333333,10.7125,6.791666666666667,92.25,0.3575,158.125,1.6145833333333333,79.95833333333333,73.25
2024-04-06,75.69166666666666,27.09583333333333,333.9583333333333,14.979166666666666,7.391666666666667,86.75,0.32583333333333336,107.29166666666667,1.7895833333333335,87.625,74.79166666666667
2024-04-07,65.20833333333333,17.520833333333332,293.3333333333333,12.045833333333334,6.858333333333333,101.625,0.17458333333333334,114.625,2.25625,83.29166666666667,69.75
2024-04-08,61.4375,16.175,314.125,15.0375,7.3999999999999995,101.41666666666667,0.16166666666666665,109.25,2.15625,71.95833333333333,64.70833333333333
2024-04-09,62.520833333333336,22.566666666666666,382.5416666666667,18.620833333333334,7.7,94.83333333333333,0.23124999999999998,84.95833333333333,1.65625,79.33333333333333,64.91666666666667
2024-04-10,85.84583333333335,30.90416666666667,366.125,15.1875,8.445833333333333,103.91666666666667,0.3970833333333333,117.125,1.8,89.375,69.83333333333333
2024-04-11,76.62083333333334,33.13333333333333,320.5416666666667,12.054166666666667,7.425,103.95833333333333,0.48374999999999996,73.08333333333333,1.7770833333333333,98.79166666666667,71.66666666666667
2024-04-12,64.97083333333333,27.445833333333336,349.0416666666667,14.529166666666667,7.254166666666666,105.08333333333333,0.4320833333333334,69.125,1.6583333333333332,97.08333333333333,66.45833333333333
2024-04-13,86.89999999999999,36.55833333333333,289.0,7.8999999999999995,7.191666666666666,111.375,0.5445833333333333,65.125,1.5291666666666668,94.83333333333333,69.875
2024-04-14,102.9875,35.387499999999996,305.1666666666667,10.679166666666667,6.875,88.04166666666667,0.5070833333333333,145.29166666666666,1.8770833333333332,109.70833333333333,79.5
2024-04-15,108.55833333333334,27.670833333333334,208.375,6.633333333333333,4.1625000000000005,76.375,0.34208333333333335,197.16666666666666,2.066666666666667,89.0,83.33333333333333
2024-04-16,91.14166666666667,19.870833333333334,223.54166666666666,7.45,4.033333333333333,81.625,0.3345833333333333,185.29166666666666,2.24375,73.79166666666667,79.25
2024-04-17,96.79583333333333,21.945833333333336,229.66666666666666,5.7124999999999995,5.05,107.83333333333333,0.26833333333333337,188.08333333333334,2.2375000000000003,74.875,76.54166666666667
2024-04-18,90.65833333333335,19.866666666666667,218.54166666666666,7.875,4.291666666666667,87.25,0.34874999999999995,181.25,2.2020833333333334,66.58333333333333,72.70833333333333
2024-04-19,178.2458333333333,33.987500000000004,209.04166666666666,9.408333333333333,3.8083333333333336,68.625,0.32666666666666666,388.5,2.2875,103.54166666666667,104.83333333333333
2024-04-20,102.09583333333335,23.441666666666666,216.54166666666666,6.779166666666666,4.041666666666667,104.625,0.2275,199.375,2.214583333333333,95.125,91.70833333333333
2024-04-21,70.24166666666666,23.175,304.2916666666667,14.229166666666666,8.0,96.125,0.2916666666666667,110.54166666666667,1.8395833333333333,80.625,74.16666666666667
2024-04-22,66.09166666666667,19.533333333333335,250.625,9.733333333333333,5.9750000000000005,105.29166666666667,0.25416666666666665,109.125,2.21875,83.54166666666667,66.08333333333333
2024-04-23,63.3125,19.654166666666665,255.16666666666666,10.004166666666666,5.125,100.04166666666667,0.23375,106.08333333333333,2.2291666666666665,75.33333333333333,66.04166666666667
2024-04-24,104.67083333333333,24.004166666666666,255.875,10.2,5.766666666666667,100.33333333333333,0.23625,204.91666666666666,2.2979166666666666,83.91666666666667,75.91666666666667
2024-04-25,109.97916666666667,23.379166666666666,336.3333333333333,15.924999999999999,9.516666666666667,108.54166666666667,0.27416666666666667,215.54166666666666,2.38125,93.95833333333333,83.33333333333333
2024-04-26,63.07916666666667,21.6125,312.7916666666667,15.070833333333333,6.283333333333334,80.0,0.24750000000000003,92.54166666666667,2.3520833333333333,72.375,71.75
2024-04-27,80.20833333333333,21.84166666666667,227.20833333333334,8.054166666666667,5.058333333333334,95.70833333333333,0.27166666666666667,144.33333333333334,2.4166666666666665,74.20833333333333,68.5
2024-04-28,125.73333333333333,27.683333333333334,274.0833333333333,11.15,6.583333333333333,99.33333333333333,0.42416666666666664,258.3333333333333,2.0020833333333337,83.16666666666667,81.58333333333333
2024-04-29,88.5125,21.445833333333336,266.875,11.262500000000001,5.220833333333333,94.625,0.25166666666666665,168.70833333333334,2.4625,82.91666666666667,81.16666666666667
2024-04-30,106.51666666666667,21.84166666666667,209.04166666666666,6.875,4.0625,110.875,0.21958333333333335,225.54166666666666,2.55625,86.54166666666667,83.20833333333333
2024-05-01,118.4375,24.133333333333336,222.33333333333334,5.670833333333333,5.183333333333334,128.45833333333334,0.17666666666666667,241.25,2.5541666666666667,95.70833333333333,86.58333333333333
2024-05-02,65.02916666666667,20.345833333333335,272.8333333333333,9.379166666666666,5.604166666666667,124.875,0.15125,102.91666666666667,2.5083333333333333,99.04166666666667,73.83333333333333
2024-05-03,47.475,19.037499999999998,351.75,17.5,7.0,99.375,0.15458333333333332,61.875,2.5625,81.0,62.958333333333336
2024-05-04,63.875,21.375,321.0416666666667,17.241666666666667,6.691666666666666,84.91666666666667,0.22333333333333336,99.33333333333333,2.066666666666667,73.20833333333333,57.666666666666664
2024-05-05,119.97916666666667,25.0,239.875,5.816666666666666,5.108333333333333,119.45833333333333,0.30291666666666667,249.75,2.535416666666667,92.0,81.0
2024-05-06,77.3,24.400000000000002,313.7083333333333,12.854166666666666,6.808333333333334,103.375,0.29833333333333334,124.375,2.4854166666666666,88.83333333333333,78.04166666666667
2024-05-07,72.15416666666667,23.925,332.0416666666667,15.7875,5.779166666666666,93.91666666666667,0.3675,114.95833333333333,2.372916666666667,82.91666666666667,69.5
2024-05-08,95.20833333333333,28.337500000000002,330.3333333333333,10.975,6.883333333333333,116.95833333333333,0.3441666666666667,164.16666666666666,2.2333333333333334,100.25,74.0
2024-05-09,139.7875,42.30416666666667,343.875,7.691666666666666,7.558333333333334,136.83333333333334,0.34958333333333336,230.16666666666666,2.345833333333333,115.95833333333333,89.95833333333333
2024-05-10,113.27083333333333,32.42916666666667,317.9583333333333,8.85,6.375,122.5,0.3345833333333333,182.16666666666666,2.3874999999999997,112.75,90.0
2024-05-11,156.33333333333334,40.44583333333333,337.375,9.154166666666667,8.612499999999999,130.79166666666666,0.44583333333333336,293.0833333333333,2.1958333333333333,113.41666666666667,88.70833333333333
2024-05-12,87.50833333333333,25.837500000000002,287.5,12.745833333333332,6.5375000000000005,101.29166666666667,0.30375,146.875,2.38125,102.91666666666667,92.625
2024-05-13,99.44583333333333,28.195833333333336,299.8333333333333,12.0375,6.791666666666667,110.66666666666667,0.30416666666666664,171.58333333333334,2.35,91.70833333333333,77.45833333333333
2024-05-14,91.26666666666667,25.599999999999998,321.75,15.158333333333333,6.2749999999999995,106.83333333333333,0.41250000000000003,152.5,2.058333333333333,95.83333333333333,75.66666666666667
2024-05-15,59.854166666666664,22.25,367.9166666666667,18.704166666666666,6.8625,100.5,0.26208333333333333,90.5,2.5395833333333333,91.20833333333333,72.0
2024-05-16,70.7,25.954166666666666,408.8333333333333,20.733333333333334,7.979166666666667,104.29166666666667,0.33791666666666664,95.04166666666667,2.4145833333333333,96.45833333333333,66.625
2024-05-17,73.975,21.675,317.5833333333333,13.8125,6.220833333333334,99.79166666666667,0.35625,125.41666666666667,2.3541666666666665,84.75,68.875
2024-05-18,89.1375,24.925,313.6666666666667,13.633333333333333,6.004166666666666,98.29166666666667,0.3520833333333333,157.25,2.4666666666666663,83.41666666666667,72.83333333333333
2024-05-19,81.02499999999999,20.220833333333335,293.375,12.575000000000001,5.491666666666667,101.70833333333333,0.29250000000000004,152.125,2.5437499999999997,83.83333333333333,72.25
2024-05-20,100.03750000000001,22.741666666666664,249.83333333333334,8.208333333333334,3.5625,107.5,0.3954166666666667,198.04166666666666,2.1395833333333334,78.625,75.16666666666667
2024-05-21,101.4875,22.59583333333333,255.16666666666666,8.362499999999999,3.5583333333333336,107.375,0.3720833333333333,198.91666666666666,2.152083333333333,83.04166666666667,81.08333333333333
2024-05-22,68.31666666666666,23.145833333333332,325.4583333333333,17.383333333333333,5.891666666666667,97.16666666666667,0.29541666666666666,106.25,2.40625,81.79166666666667,75.91666666666667
2024-05-23,113.87083333333334,33.8125,331.1666666666667,10.016666666666667,6.533333333333334,128.70833333333334,0.36625,190.54166666666666,2.3520833333333333,104.25,77.95833333333333
2024-05-24,121.72916666666667,34.96666666666667,300.875,6.566666666666666,5.383333333333333,130.79166666666666,0.48291666666666666,201.08333333333334,2.2270833333333333,109.58333333333333,84.16666666666667
2024-05-25,121.91250000000001,33.25833333333333,349.5833333333333,11.891666666666666,7.3125,121.75,0.53125,215.16666666666666,2.1437500000000003,111.83333333333333,90.875
2024-05-26,114.08749999999999,33.262499999999996,380.5833333333333,17.666666666666668,9.016666666666667,104.875,0.4145833333333333,198.625,2.225,108.20833333333333,87.83333333333333
2024-05-27,112.24166666666667,26.28333333333333,279.7083333333333,10.354166666666666,5.5375000000000005,109.125,0.26666666666666666,221.79166666666666,2.716666666666667,98.79166666666667,85.04166666666667
2024-05-28,166.00833333333333,32.52916666666667,177.25,4.8500000000000005,4.620833333333333,102.45833333333333,0.3770833333333334,368.5,2.4375,86.125,90.83333333333333
2024-05-29,126.78333333333335,25.0125,166.75,4.3875,4.454166666666667,99.16666666666667,0.36166666666666664,279.1666666666667,2.40625,97.95833333333333,100.33333333333333
2024-05-30,123.925,21.954166666666666,169.66666666666666,5.129166666666666,3.9,94.54166666666667,0.33041666666666664,283.0,2.5145833333333334,86.29166666666667,90.95833333333333
2024-05-31,144.78333333333333,25.037499999999998,165.16666666666666,4.645833333333333,3.3125,99.125,0.35541666666666666,331.0833333333333,2.38125,89.70833333333333,93.83333333333333
2024-06-01,90.09166666666665,19.454166666666666,174.58333333333334,4.908333333333333,3.225,98.625,0.3408333333333333,184.70833333333334,2.402083333333333,81.70833333333333,87.08333333333333
2024-06-02,82.1375,23.65833333333333,235.29166666666666,11.587499999999999,4.833333333333333,96.08333333333333,0.3954166666666667,142.95833333333334,2.0625,71.33333333333333,74.125
2024-06-03,97.89166666666667,23.516666666666666,240.79166666666666,9.841666666666667,4.1375,96.875,0.4375,194.29166666666666,2.339583333333333,81.70833333333333,74.58333333333333
2024-06-04,98.05,21.891666666666666,198.375,6.216666666666666,3.8625000000000003,97.20833333333333,0.3075,205.875,2.4812499999999997,75.70833333333333,82.04166666666667
2024-06-05,99.00833333333333,21.95,176.91666666666666,6.016666666666667,3.4416666666666664,91.875,0.24583333333333335,207.16666666666666,2.7062500000000003,74.33333333333333,81.5
2024-06-06,129.7125,25.53333333333333,211.16666666666666,9.433333333333334,4.691666666666666,90.0,0.35333333333333333,282.8333333333333,2.49375,80.79166666666667,86.66666666666667
2024-06-07,132.82916666666668,29.454166666666666,225.75,8.9,5.420833333333333,94.5,0.4354166666666666,282.25,2.5375,83.45833333333333,88.375
2024-06-08,142.55833333333334,42.233333333333334,269.9583333333333,10.995833333333332,7.2875000000000005,107.29166666666667,0.5683333333333334,243.125,2.1708333333333334,103.58333333333333,94.58333333333333
2024-06-09,121.41250000000001,34.545833333333334,299.9583333333333,16.183333333333334,6.9375,92.91666666666667,0.4270833333333333,210.04166666666666,2.410416666666667,110.70833333333333,95.04166666666667
2024-06-10,88.6375,27.46666666666667,285.7916666666667,13.604166666666666,6.841666666666666,106.16666666666667,0.45249999999999996,144.66666666666666,2.1083333333333334,102.83333333333333,81.33333333333333
2024-06-11,86.59166666666665,25.0,249.20833333333334,11.745833333333332,5.679166666666667,90.58333333333333,0.3658333333333333,150.16666666666666,2.2583333333333333,82.20833333333333,73.04166666666667
2024-06-12,102.38333333333333,23.6375,188.41666666666666,5.9750000000000005,4.904166666666667,98.95833333333333,0.3445833333333333,203.5,2.1729166666666666,76.91666666666667,77.75
2024-06-13,132.22083333333333,28.333333333333332,165.25,4.316666666666666,3.6999999999999997,93.79166666666667,0.45249999999999996,278.875,2.404166666666667,79.79166666666667,85.66666666666667
2024-06-14,104.325,22.662499999999998,170.0,5.491666666666667,3.529166666666667,90.66666666666667,0.37083333333333335,217.54166666666666,2.2416666666666667,86.375,91.08333333333333
2024-06-15,81.57916666666667,18.8125,170.5,5.433333333333334,2.9416666666666664,90.75,0.20375,162.29166666666666,2.8125,68.75,76.33333333333333
2024-06-16,96.53750000000001,22.891666666666666,166.125,4.8,3.1125000000000003,89.83333333333333,0.30291666666666667,185.04166666666666,2.6041666666666665,67.95833333333333,75.91666666666667
2024-06-17,103.7625,25.087500000000002,169.08333333333334,4.516666666666667,3.1333333333333333,85.70833333333333,0.4166666666666667,201.25,2.275,75.33333333333333,78.79166666666667
2024-06-18,92.925,19.712500000000002,168.41666666666666,4.720833333333333,2.9916666666666667,77.16666666666667,0.29291666666666666,199.0,2.6041666666666665,74.0,78.66666666666667
2024-06-19,95.66666666666667,19.754166666666666,162.25,4.891666666666667,2.8541666666666665,74.95833333333333,0.2920833333333333,205.20833333333334,2.564583333333333,74.75,81.95833333333333
2024-06-20,68.73333333333333,19.345833333333335,168.625,5.795833333333333,3.4416666666666664,79.91666666666667,0.34625,111.83333333333333,1.6770833333333333,61.75,67.95833333333333
2024-06-21,103.51666666666667,27.9375,195.29166666666666,8.549999999999999,5.854166666666667,87.66666666666667,0.52625,179.20833333333334,1.9395833333333334,74.66666666666667,72.83333333333333
2024-06-22,128.54166666666666,37.145833333333336,203.95833333333334,7.6499999999999995,6.108333333333333,99.54166666666667,0.6458333333333334,230.75,2.097916666666667,94.08333333333333,84.91666666666667
2024-06-23,138.95833333333334,45.7125,286.625,13.033333333333333,7.995833333333334,103.54166666666667,0.7354166666666666,214.91666666666666,1.8833333333333335,109.83333333333333,92.79166666666667
2024-06-24,95.08333333333333,48.0875,307.125,13.020833333333334,7.979166666666667,100.45833333333333,0.7729166666666667,70.91666666666667,1.03125,139.08333333333334,94.45833333333333
2024-06-25,63.89166666666667,41.854166666666664,317.5,11.329166666666666,6.883333333333333,108.16666666666667,0.835,9.833333333333334,1.6854166666666668,121.04166666666667,75.0
2024-06-26,64.10833333333333,40.05833333333333,291.4166666666667,10.933333333333332,5.908333333333334,96.5,0.8779166666666667,13.666666666666666,2.060416666666667,117.54166666666667,73.95833333333333
2024-06-27,32.891666666666666,19.433333333333334,214.375,6.8,4.041666666666667,90.0,0.5812499999999999,16.458333333333332,1.4479166666666667,88.58333333333333,62.333333333333336
2024-06-28,23.7375,16.8625,234.0,10.15,6.391666666666667,83.41666666666667,0.39625,0.4583333333333333,1.4375,61.333333333333336,40.5
2024-06-29,21.291666666666668,15.025,230.5,10.195833333333333,5.158333333333333,72.45833333333333,0.36624999999999996,0.4166666666666667,1.7020833333333334,57.916666666666664,35.291666666666664
2024-06-30,21.308333333333334,13.804166666666667,201.83333333333334,8.775,4.4750000000000005,64.25,0.5533333333333333,4.916666666666667,1.0541666666666667,54.75,31.041666666666668
2024-07-01,29.420833333333334,18.054166666666667,209.45833333333334,9.720833333333333,4.25,64.58333333333333,0.7291666666666666,11.083333333333334,1.1729166666666666,56.291666666666664,32.708333333333336
2024-07-02,33.045833333333334,14.391666666666666,189.75,8.845833333333333,6.5625,63.625,0.6958333333333333,40.083333333333336,1.3625,60.25,36.958333333333336
2024-07-03,51.1875,19.320833333333333,210.16666666666666,9.3125,4.9375,75.75,0.67,69.375,1.75,59.416666666666664,45.416666666666664
2024-07-04,38.25833333333333,21.47083333333333,268.875,16.045833333333334,5.9875,61.208333333333336,0.6062500000000001,25.5,0.4458333333333333,68.66666666666667,48.125
2024-07-05,55.76666666666667,25.0125,249.625,11.779166666666667,4.720833333333333,76.375,0.6145833333333334,60.791666666666664,0.7895833333333333,73.625,53.208333333333336
2024-07-06,57.99166666666667,24.045833333333334,219.33333333333334,12.341666666666667,4.6875,60.208333333333336,0.7116666666666668,75.08333333333333,0.7124999999999999,75.66666666666667,62.208333333333336
2024-07-07,55.34166666666667,28.9875,230.20833333333334,12.083333333333334,6.191666666666666,76.66666666666667,0.7145833333333332,41.083333333333336,1.7291666666666667,84.125,64.375
2024-07-08,33.90833333333333,20.258333333333333,210.66666666666666,9.783333333333333,4.933333333333334,84.16666666666667,0.5775,17.958333333333332,1.7770833333333333,76.25,54.375
2024-07-09,33.12083333333333,21.616666666666664,247.125,13.270833333333334,5.375,77.20833333333333,0.48666666666666664,10.0,1.8291666666666666,69.125,45.833333333333336
2024-07-10,35.583333333333336,19.1125,251.70833333333334,12.804166666666667,5.620833333333334,82.33333333333333,0.35541666666666666,27.0,2.4833333333333334,69.625,47.375
2024-07-11,96.49583333333334,28.287499999999998,197.41666666666666,6.408333333333334,4.3999999999999995,83.45833333333333,0.5716666666666667,141.91666666666666,1.9729166666666667,75.91666666666667,66.04166666666667
2024-07-12,64.73333333333333,21.991666666666664,208.875,9.645833333333334,4.545833333333333,70.75,0.4991666666666667,110.16666666666667,2.2937499999999997,77.16666666666667,71.29166666666667
2024-07-13,133.2875,35.27916666666667,229.58333333333334,14.008333333333333,5.554166666666667,63.208333333333336,0.6304166666666667,251.45833333333334,1.8958333333333333,73.70833333333333,69.5
2024-07-14,190.775,50.50416666666666,294.7083333333333,21.191666666666666,7.2,59.625,0.7041666666666666,362.2083333333333,2.129166666666667,126.58333333333333,109.5
2024-07-15,113.59583333333335,44.895833333333336,323.0,16.929166666666667,6.6499999999999995,95.70833333333333,0.7170833333333334,141.83333333333334,2.0458333333333334,140.375,109.875
2024-07-16,48.45416666666667,29.633333333333336,308.625,10.383333333333333,5.1000000000000005,94.79166666666667,0.6104166666666667,18.416666666666668,2.0749999999999997,106.41666666666667,72.20833333333333
2024-07-17,36.358333333333334,24.008333333333336,260.4583333333333,10.200000000000001,5.5125,86.33333333333333,0.4979166666666666,6.416666666666667,2.475,76.91666666666667,56.333333333333336
2024-07-18,36.425000000000004,23.337500000000002,234.875,9.8375,4.545833333333333,83.625,0.5779166666666666,8.25,2.0708333333333333,74.91666666666667,55.083333333333336
2024-07-19,50.72083333333333,28.795833333333334,254.5,10.65,5.3374999999999995,81.70833333333333,0.6758333333333333,28.958333333333332,1.9166666666666667,80.91666666666667,60.291666666666664
2024-07-20,43.94166666666666,27.962500000000002,287.4583333333333,14.8125,6.604166666666667,76.375,0.7008333333333333,10.208333333333334,1.6416666666666666,83.54166666666667,62.166666666666664
2024-07-21,45.36666666666667,26.675,319.125,18.925,6.066666666666666,74.375,0.5933333333333334,24.25,2.36875,82.54166666666667,61.583333333333336
2024-07-22,45.26666666666667,28.483333333333334,263.4166666666667,11.725,5.0,86.58333333333333,0.7979166666666666,12.958333333333334,1.9479166666666667,84.70833333333333,62.708333333333336
2024-07-23,47.85833333333333,29.34583333333333,279.2916666666667,13.387500000000001,5.479166666666667,86.375,0.7725,14.125,1.852083333333333,84.25,62.208333333333336
2024-07-24,53.699999999999996,27.454166666666666,247.83333333333334,11.220833333333333,5.054166666666666,73.75,0.84875,35.625,0.9208333333333333,85.45833333333333,62.958333333333336
2024-07-25,54.70416666666667,28.2375,231.58333333333334,10.4,4.420833333333333,73.0,0.75625,42.666666666666664,1.3395833333333333,82.04166666666667,61.625
2024-07-26,63.175000000000004,28.599999999999998,253.79166666666666,13.758333333333333,5.008333333333334,69.375,0.6691666666666666,70.70833333333333,1.3875,87.54166666666667,64.95833333333333
2024-07-27,51.487500000000004,25.3625,250.66666666666666,12.904166666666667,5.2375,71.41666666666667,0.7166666666666667,48.25,1.3687500000000001,83.20833333333333,64.33333333333333
2024-07-28,40.99166666666667,24.516666666666666,281.25,11.6875,5.7749999999999995,82.125,0.5183333333333333,19.458333333333332,1.7770833333333333,79.33333333333333,60.625
2024-07-29,46.475,28.837500000000002,265.4166666666667,9.154166666666667,6.620833333333334,92.20833333333333,0.6879166666666667,13.125,2.3229166666666665,76.41666666666667,57.083333333333336
2024-07-30,43.3375,30.0125,257.6666666666667,9.970833333333333,6.7124999999999995,85.45833333333333,0.66125,0.4166666666666667,2.21875,92.79166666666667,65.75
2024-07-31,29.291666666666668,19.775000000000002,229.20833333333334,9.391666666666667,4.6125,72.79166666666667,0.6420833333333333,6.375,1.3583333333333334,74.375,51.666666666666664
2024-08-01,24.72083333333333,16.908333333333335,215.75,10.766666666666666,5.116666666666666,55.958333333333336,0.31916666666666665,10.041666666666666,0.5083333333333333,65.875,39.25
2024-08-02,17.287499999999998,12.054166666666667,217.79166666666666,10.941666666666668,4.7250000000000005,59.958333333333336,0.25375,3.3333333333333335,1.6583333333333332,53.916666666666664,32.166666666666664
2024-08-03,15.254166666666668,9.966666666666667,204.08333333333334,11.591666666666667,4.6000000000000005,53.5,0.20958333333333334,4.625,1.4666666666666666,40.583333333333336,25.416666666666668
2024-08-04,26.545833333333334,17.391666666666666,249.91666666666666,12.279166666666667,6.220833333333334,78.29166666666667,0.4295833333333334,6.041666666666667,1.2791666666666666,56.625,36.208333333333336
2024-08-05,16.795833333333334,11.083333333333334,212.79166666666666,7.416666666666667,5.2250000000000005,70.58333333333333,0.28708333333333336,4.666666666666667,1.05,53.333333333333336,32.208333333333336
2024-08-06,23.875,13.658333333333333,182.41666666666666,6.920833333333333,3.654166666666667,61.958333333333336,0.23958333333333334,17.208333333333332,1.2979166666666666,50.333333333333336,28.625
2024-08-07,31.125,15.195833333333333,174.33333333333334,8.204166666666667,4.075,48.958333333333336,0.3225,31.666666666666668,0.59375,53.083333333333336,26.958333333333332
2024-08-08,44.18333333333334,19.270833333333332,187.625,9.362499999999999,4.233333333333333,44.166666666666664,0.3,51.166666666666664,0.65625,64.04166666666667,41.375
2024-08-09,30.537499999999998,16.070833333333333,204.33333333333334,9.320833333333333,4.116666666666666,59.5,0.22375,26.125,2.127083333333333,63.541666666666664,43.875
2024-08-10,24.912499999999998,12.941666666666668,193.95833333333334,7.941666666666666,3.6625,58.208333333333336,0.34,20.958333333333332,1.1500000000000001,52.958333333333336,29.125
2024-08-11,32.233333333333334,16.6125,206.20833333333334,10.766666666666666,4.4624999999999995,49.375,0.4504166666666667,27.333333333333332,0.6625,54.708333333333336,28.791666666666668
2024-08-12,26.104166666666668,13.070833333333333,184.5,7.654166666666666,3.283333333333333,63.666666666666664,0.3645833333333333,25.5,0.9229166666666666,56.416666666666664,31.166666666666668
2024-08-13,33.87916666666667,16.995833333333334,202.04166666666666,8.058333333333334,3.35,67.83333333333333,0.5812499999999999,32.375,0.875,55.875,32.25
2024-08-14,17.75,11.654166666666667,230.58333333333334,10.308333333333334,4.0625,65.45833333333333,0.3283333333333333,6.666666666666667,0.7416666666666667,56.041666666666664,31.666666666666668
2024-08-15,26.162499999999998,18.041666666666668,272.4166666666667,12.945833333333333,5.6625000000000005,67.33333333333333,0.5745833333333333,4.375,0.9249999999999999,57.041666666666664,36.625
2024-08-16,15.333333333333334,9.933333333333334,200.45833333333334,9.799999999999999,4.2625,49.541666666666664,0.23791666666666667,5.208333333333333,1.3729166666666668,51.875,28.25
2024-08-17,27.09166666666667,16.758333333333333,246.375,15.1,6.125,52.666666666666664,0.3129166666666667,10.083333333333334,1.9583333333333333,52.375,30.291666666666668
2024-08-18,28.8625,16.716666666666665,246.625,14.645833333333334,5.045833333333333,55.0,0.3254166666666667,15.333333333333334,2.2270833333333333,59.333333333333336,34.541666666666664
2024-08-19,33.75,17.825,239.58333333333334,13.4125,4.8500000000000005,57.083333333333336,0.36000000000000004,23.875,1.7874999999999999,59.75,35.083333333333336
2024-08-20,51.65833333333333,21.78333333333333,245.70833333333334,13.941666666666668,5.825,57.625,0.4495833333333333,60.625,1.8479166666666667,68.16666666666667,47.708333333333336
2024-08-21,41.020833333333336,24.504166666666666,285.5,17.183333333333334,6.9750000000000005,61.041666666666664,0.4220833333333333,19.041666666666668,1.8854166666666667,74.08333333333333,58.958333333333336
2024-08-22,31.724999999999998,20.279166666666665,286.5,16.554166666666667,6.466666666666666,51.583333333333336,0.3566666666666667,10.875,0.5479166666666667,73.83333333333333,52.625
2024-08-23,29.96666666666667,17.679166666666667,266.625,14.345833333333333,5.5625,69.16666666666667,0.37916666666666665,15.458333333333334,1.9104166666666667,63.0,41.666666666666664
2024-08-24,50.583333333333336,31.712500000000002,372.5,15.970833333333333,8.354166666666666,100.875,0.7108333333333333,12.291666666666666,1.51875,87.625,54.75
2024-08-25,27.741666666666664,19.220833333333335,270.25,6.391666666666667,6.5874999999999995,96.20833333333333,0.5525,1.2083333333333333,0.9729166666666668,82.66666666666667,59.666666666666664
2024-08-26,19.591666666666665,13.766666666666667,223.70833333333334,6.441666666666666,5.895833333333333,80.54166666666667,0.30624999999999997,0.125,1.8250000000000002,64.375,38.333333333333336
2024-08-27,22.133333333333336,14.679166666666667,204.66666666666666,9.0,5.679166666666667,64.58333333333333,0.32625,5.833333333333333,1.9666666666666666,43.333333333333336,28.5
2024-08-28,48.35833333333333,19.508333333333333,211.41666666666666,11.299999999999999,5.741666666666667,55.166666666666664,0.32583333333333336,59.708333333333336,2.0541666666666667,64.5,42.0
2024-08-29,33.56666666666667,16.625,187.41666666666666,8.504166666666666,5.454166666666667,62.333333333333336,0.28833333333333333,28.541666666666668,1.9958333333333333,61.0,47.208333333333336
2024-08-30,46.612500000000004,23.4375,259.25,15.608333333333334,8.762500000000001,65.58333333333333,0.39291666666666664,37.833333333333336,2.0791666666666666,67.25,43.625
2024-08-31,36.175000000000004,20.9375,318.7083333333333,19.599999999999998,7.575,62.458333333333336,0.315,17.708333333333332,2.30625,75.95833333333333,56.541666666666664
2024-09-01,35.78333333333333,23.020833333333332,337.625,17.058333333333334,7.116666666666667,76.25,0.43875,9.208333333333334,1.98125,70.95833333333333,47.333333333333336
2024-09-02,45.050000000000004,30.2375,363.7083333333333,17.087500000000002,7.504166666666666,92.0,0.7791666666666667,3.5833333333333335,1.71875,90.66666666666667,62.291666666666664
2024-09-03,28.166666666666668,19.400000000000002,292.7916666666667,12.137500000000001,6.4375,76.91666666666667,0.5583333333333333,0.0,1.0854166666666667,76.20833333333333,53.666666666666664
2024-09-04,32.27916666666667,22.2375,282.875,12.025,7.270833333333333,79.75,0.6058333333333333,0.20833333333333334,1.6020833333333335,67.95833333333333,45.958333333333336
2024-09-05,28.045833333333334,19.6,327.5416666666667,15.666666666666666,8.020833333333334,82.375,0.435,0.0,1.26875,68.91666666666667,46.75
2024-09-06,25.683333333333334,18.0,345.5416666666667,18.570833333333333,7.645833333333333,53.166666666666664,0.3525,0.0,0.36666666666666664,66.54166666666667,39.833333333333336
2024-09-07,19.216666666666665,13.533333333333333,286.875,13.904166666666667,5.491666666666667,55.416666666666664,0.26958333333333334,0.0,0.8500000000000001,56.083333333333336,31.708333333333332
2024-09-08,22.479166666666668,15.8125,346.9583333333333,17.883333333333333,7.283333333333334,47.416666666666664,0.21208333333333332,0.0,0.7708333333333334,58.791666666666664,33.0
2024-09-09,29.337500000000002,20.570833333333333,325.375,14.070833333333333,8.004166666666666,82.125,0.51,0.0,1.575,66.45833333333333,42.791666666666664
2024-09-10,38.55416666666667,26.837500000000002,314.0416666666667,15.179166666666667,7.6000000000000005,85.91666666666667,0.7270833333333333,0.4583333333333333,1.3499999999999999,80.91666666666667,57.291666666666664
2024-09-11,37.52916666666667,25.816666666666666,381.2083333333333,16.683333333333334,9.875,74.91666666666667,0.5025000000000001,0.625,1.2604166666666667,81.45833333333333,61.333333333333336
2024-09-12,40.583333333333336,25.8,290.5416666666667,8.674999999999999,6.658333333333334,93.08333333333333,0.48583333333333334,12.833333333333334,0.9145833333333333,74.875,56.666666666666664
2024-09-13,51.050000000000004,26.45,189.58333333333334,6.058333333333334,3.5583333333333336,71.79166666666667,0.5004166666666666,41.208333333333336,1.3979166666666665,84.0,62.416666666666664
2024-09-14,39.78333333333333,19.933333333333334,201.875,9.166666666666666,4.175,59.833333333333336,0.4166666666666667,34.625,1.5666666666666667,72.79166666666667,50.416666666666664
2024-09-15,48.28333333333333,22.53333333333333,227.375,10.258333333333333,4.8625,63.583333333333336,0.37041666666666667,48.708333333333336,2.0104166666666665,69.91666666666667,49.5
2024-09-16,57.53333333333333,24.05,227.83333333333334,9.254166666666666,4.9875,74.0,0.3529166666666667,70.70833333333333,1.8916666666666666,72.875,58.166666666666664
2024-09-17,56.57083333333333,23.3,274.1666666666667,13.545833333333334,6.2250000000000005,71.875,0.36791666666666667,66.83333333333333,1.2083333333333333,73.125,61.791666666666664
2024-09-18,43.74583333333334,25.866666666666664,314.0416666666667,12.570833333333333,7.891666666666667,76.625,0.4266666666666667,16.666666666666668,1.46875,84.25,64.54166666666667
2024-09-19,30.675,21.412499999999998,295.3333333333333,11.375,9.066666666666666,83.33333333333333,0.3833333333333333,0.8333333333333334,1.1979166666666667,72.20833333333333,51.458333333333336
2024-09-20,46.40416666666667,32.50833333333333,485.5833333333333,26.15833333333333,11.645833333333334,84.875,0.45208333333333334,0.0,1.3479166666666667,89.20833333333333,60.25
2024-09-21,56.23333333333333,39.15833333333333,573.5,34.49583333333333,13.366666666666667,78.20833333333333,0.5054166666666667,0.2916666666666667,1.45,108.41666666666667,70.875
2024-09-22,51.354166666666664,34.59583333333333,496.4583333333333,28.3125,11.641666666666666,83.83333333333333,0.3658333333333333,2.75,1.8333333333333333,104.20833333333333,69.41666666666667
2024-09-23,50.19166666666666,34.020833333333336,534.0833333333334,30.554166666666664,12.129166666666668,83.54166666666667,0.4375,1.9583333333333333,1.6270833333333332,101.375,66.70833333333333
2024-09-24,66.45,43.71666666666667,527.7083333333334,26.983333333333334,11.775,93.125,0.5479166666666667,4.208333333333333,1.7041666666666666,112.20833333333333,70.20833333333333
2024-09-25,90.0,58.229166666666664,439.25,15.929166666666667,8.5375,106.0,0.8975,4.041666666666667,1.4541666666666666,140.0,81.875
2024-09-26,37.108333333333334,25.883333333333336,336.6666666666667,9.433333333333334,5.583333333333333,95.375,0.6829166666666667,0.0,1.3833333333333335,118.83333333333333,74.20833333333333
2024-09-27,19.9875,13.983333333333334,293.25,9.2125,5.879166666666666,80.29166666666667,0.26375,0.0,1.7645833333333334,67.0,46.958333333333336
2024-09-28,27.191666666666666,18.724999999999998,346.6666666666667,12.066666666666668,9.133333333333333,80.29166666666667,0.35791666666666666,0.75,1.4270833333333333,58.916666666666664,39.083333333333336
2024-09-29,39.579166666666666,26.61666666666667,450.625,22.816666666666666,9.379166666666666,74.125,0.39291666666666664,3.75,1.3208333333333333,73.08333333333333,51.791666666666664
2024-09-30,53.199999999999996,33.012499999999996,503.375,27.829166666666666,11.345833333333333,77.04166666666667,0.4220833333333333,12.958333333333334,1.64375,91.66666666666667,64.54166666666667
2024-10-01,54.5,30.3625,320.7083333333333,11.029166666666667,7.054166666666667,84.70833333333333,0.4608333333333334,23.375,1.6937499999999999,91.25,65.08333333333333
2024-10-02,33.46666666666667,18.208333333333332,224.875,6.7375,5.841666666666666,92.875,0.27375,17.75,1.9249999999999998,77.5,55.166666666666664
2024-10-03,26.2,14.370833333333332,207.45833333333334,6.779166666666666,5.079166666666667,78.95833333333333,0.17875,12.458333333333334,1.9375,59.0,36.541666666666664
2024-10-04,27.620833333333334,16.383333333333333,230.16666666666666,9.266666666666667,5.420833333333333,71.79166666666667,0.1825,7.916666666666667,1.8958333333333333,56.458333333333336,33.958333333333336
2024-10-05,42.47083333333333,22.22083333333333,312.5416666666667,18.570833333333333,7.279166666666666,61.916666666666664,0.17500000000000002,26.833333333333332,1.89375,62.291666666666664,38.0
2024-10-06,48.10833333333333,24.02916666666667,347.25,20.4,7.616666666666667,62.041666666666664,0.20791666666666667,35.25,1.7125000000000001,75.58333333333333,56.291666666666664
2024-10-07,55.166666666666664,28.395833333333332,429.625,26.020833333333332,10.866666666666667,75.75,0.22083333333333333,33.791666666666664,1.6916666666666667,82.83333333333333,61.416666666666664
2024-10-08,61.70416666666667,33.12083333333333,498.4583333333333,29.358333333333334,13.075000000000001,81.54166666666667,0.2554166666666667,30.291666666666668,1.6354166666666667,95.83333333333333,65.5
2024-10-09,60.512499999999996,30.508333333333336,405.125,17.820833333333333,9.416666666666666,89.04166666666667,0.3354166666666667,35.5,1.6375,95.875,65.70833333333333
2024-10-10,69.075,33.75,366.5,12.858333333333334,8.133333333333333,104.04166666666667,0.46875,45.583333333333336,1.5020833333333332,102.0,65.70833333333333
2024-10-11,63.81666666666666,36.295833333333334,402.0,21.941666666666666,9.508333333333333,80.20833333333333,0.35708333333333336,20.291666666666668,1.3416666666666668,102.58333333333333,69.375
2024-10-12,59.74166666666667,37.300000000000004,355.0416666666667,17.541666666666668,9.700000000000001,77.04166666666667,0.34833333333333333,6.666666666666667,1.5770833333333334,99.125,68.08333333333333
2024-10-13,47.04583333333333,30.25,266.1666666666667,8.637500000000001,9.4125,91.83333333333333,0.4141666666666666,3.8333333333333335,1.4645833333333333,99.5,68.16666666666667
2024-10-14,52.15833333333333,33.262499999999996,405.3333333333333,22.650000000000002,10.791666666666666,77.75,0.38958333333333334,6.125,1.4875,89.95833333333333,63.833333333333336
2024-10-15,54.06666666666667,31.349999999999998,477.25,23.791666666666668,10.458333333333334,80.66666666666667,0.21333333333333335,18.333333333333332,1.6583333333333334,102.125,68.54166666666667
2024-10-16,40.62916666666667,26.333333333333332,449.6666666666667,23.40416666666667,10.529166666666667,89.5,0.1525,6.208333333333333,1.7208333333333334,88.70833333333333,63.333333333333336
2024-10-17,31.65416666666667,21.754166666666666,426.0,20.425,9.029166666666667,94.08333333333333,0.16333333333333333,0.7083333333333334,1.7270833333333335,80.875,55.083333333333336
2024-10-18,37.35,25.520833333333332,474.875,24.379166666666666,9.9,96.16666666666667,0.2225,0.7916666666666666,1.6458333333333333,83.79166666666667,54.916666666666664
2024-10-19,38.32083333333333,25.495833333333334,402.2916666666667,18.712500000000002,8.029166666666667,96.41666666666667,0.17416666666666666,1.9583333333333333,1.5999999999999999,86.66666666666667,62.625
2024-10-20,49.237500000000004,32.020833333333336,441.0,21.4875,9.583333333333334,90.45833333333333,0.30333333333333334,2.4583333333333335,1.425,83.83333333333333,61.416666666666664
2024-10-21,62.25833333333333,38.275,404.1666666666667,17.445833333333333,8.758333333333333,86.54166666666667,0.49541666666666667,5.25,1.3291666666666666,105.375,70.04166666666667
2024-10-22,63.9,40.40416666666667,524.875,28.84583333333333,11.504166666666668,81.41666666666667,0.5079166666666667,4.458333333333333,1.2145833333333333,108.29166666666667,70.79166666666667
2024-10-23,92.77499999999999,53.86666666666667,540.5,18.05,13.966666666666667,104.25,0.5508333333333334,13.083333333333334,1.1833333333333333,133.58333333333334,78.75
2024-10-24,102.25416666666666,55.958333333333336,506.9166666666667,15.525,11.154166666666667,86.83333333333333,0.49541666666666667,31.083333333333332,1.3979166666666665,148.08333333333334,83.79166666666667
2024-10-25,94.83333333333333,45.94583333333333,560.125,21.712500000000002,12.029166666666667,80.08333333333333,0.31708333333333333,59.291666666666664,1.4937500000000001,139.91666666666666,82.75
2024-10-26,59.520833333333336,33.62083333333333,672.2083333333334,25.09166666666667,10.704166666666666,71.375,0.22333333333333336,21.916666666666668,1.5541666666666665,108.91666666666667,71.375
2024-10-27,90.08333333333333,47.06666666666666,689.2916666666666,23.5,15.208333333333334,106.0,0.3016666666666667,44.583333333333336,1.4895833333333333,115.75,70.70833333333333
2024-10-28,85.6125,46.59583333333333,530.5833333333334,12.549999999999999,11.2125,112.45833333333333,0.34875000000000006,25.833333333333332,1.3895833333333334,137.58333333333334,80.5
2024-10-29,56.17083333333333,32.44166666666667,465.2083333333333,17.779166666666665,8.854166666666666,83.91666666666667,0.22041666666666668,16.958333333333332,1.4645833333333333,109.79166666666667,71.5
2024-10-30,34.28333333333333,18.833333333333332,413.9166666666667,16.066666666666666,7.625,68.5,0.1475,19.166666666666668,1.5374999999999999,76.29166666666667,52.541666666666664
2024-10-31,49.0375,27.537499999999998,418.5833333333333,14.695833333333333,7.879166666666666,77.04166666666667,0.26458333333333334,20.5,1.4041666666666668,70.04166666666667,48.666666666666664
2024-11-01,68.95416666666667,40.0875,575.6666666666666,20.150000000000002,9.829166666666667,71.16666666666667,0.33708333333333335,17.333333333333332,1.3041666666666667,100.625,68.41666666666667
2024-11-02,58.94583333333333,34.637499999999996,469.5,29.34583333333333,10.595833333333333,60.458333333333336,0.27458333333333335,17.125,1.3125,107.66666666666667,70.875
2024-11-03,66.5125,38.666666666666664,496.5,22.954166666666666,11.458333333333334,68.29166666666667,0.25083333333333335,19.583333333333332,1.3416666666666668,101.625,68.95833333333333
2024-11-04,88.35000000000001,53.35833333333333,614.875,23.833333333333332,12.512500000000001,78.91666666666667,0.3354166666666667,18.208333333333332,1.2791666666666666,125.45833333333333,76.5
2024-11-05,122.45,77.49166666666666,689.5,24.791666666666668,17.0,96.625,0.5191666666666667,12.708333333333334,1.1104166666666666,154.25,91.375
2024-11-06,143.29583333333332,86.63333333333333,705.7083333333334,26.162499999999998,15.9625,100.625,0.5258333333333333,17.458333333333332,1.1083333333333334,165.5,107.91666666666667
2024-11-07,116.5,71.66250000000001,686.5416666666666,30.59166666666667,14.970833333333333,83.5,0.4345833333333333,13.25,1.1312499999999999,162.75,103.75
2024-11-08,107.50416666666666,65.75,635.0416666666666,27.141666666666666,13.549999999999999,85.875,0.42041666666666666,10.083333333333334,1.0979166666666667,156.375,93.91666666666667
2024-11-09,65.94583333333334,40.27916666666667,619.625,25.2375,11.004166666666668,68.04166666666667,0.2175,11.166666666666666,1.1937499999999999,144.91666666666666,85.375
2024-11-10,80.24583333333334,46.04583333333333,716.7083333333334,15.954166666666666,9.604166666666666,70.79166666666667,0.37625,18.791666666666668,1.1020833333333333,104.70833333333333,69.75
2024-11-11,77.4375,45.44583333333333,668.5833333333334,18.5125,10.316666666666666,77.54166666666667,0.33249999999999996,14.291666666666666,1.0875000000000001,136.70833333333334,80.16666666666667
2024-11-12,24.325,18.420833333333334,535.375,26.141666666666666,7.2124999999999995,67.08333333333333,0.12458333333333334,2.6666666666666665,1.2229166666666667,85.625,57.041666666666664
2024-11-13,51.84583333333333,43.291666666666664,424.125,26.6125,9.608333333333333,77.83333333333333,0.23916666666666667,16.166666666666668,1.1083333333333334,93.20833333333333,61.208333333333336
2024-11-14,39.375,35.28333333333333,438.375,23.583333333333332,8.0875,88.54166666666667,0.22333333333333336,7.75,1.1166666666666667,113.91666666666667,72.625
2024-11-15,48.512499999999996,44.90416666666667,596.75,24.458333333333332,14.433333333333335,97.41666666666667,0.3729166666666666,6.75,0.9479166666666666,105.70833333333333,69.625
2024-11-16,42.12083333333333,40.19166666666667,576.2916666666666,32.449999999999996,9.604166666666666,69.79166666666667,0.30833333333333335,3.5,1.0520833333333333,126.70833333333333,77.04166666666667
2024-11-17,49.612500000000004,45.32916666666667,478.75,23.195833333333336,8.208333333333334,71.45833333333333,0.37333333333333335,8.125,1.0374999999999999,110.41666666666667,71.75
2024-11-18,77.24583333333334,69.02499999999999,571.6666666666666,17.57916666666667,9.404166666666667,82.125,0.29416666666666663,14.833333333333334,1.0770833333333332,149.83333333333334,89.04166666666667
2024-11-19,80.0125,71.19166666666668,641.0,29.441666666666666,11.304166666666667,68.58333333333333,0.3333333333333333,15.458333333333334,1.0520833333333333,158.45833333333334,97.29166666666667
2024-11-20,59.862500000000004,56.82916666666667,640.9166666666666,24.233333333333334,8.741666666666667,76.0,0.3179166666666667,5.333333333333333,1.0979166666666667,150.29166666666666,86.91666666666667
2024-11-21,71.22916666666667,66.85833333333333,652.9583333333334,31.3125,10.841666666666667,82.16666666666667,0.3558333333333333,7.5,1.0479166666666666,153.0,89.0
2024-11-22,89.35000000000001,82.89583333333333,758.125,35.53333333333333,12.283333333333333,87.29166666666667,0.41958333333333336,11.541666666666666,0.9916666666666667,160.54166666666666,100.375
2024-11-23,86.52083333333333,79.79583333333333,610.5416666666666,28.65416666666667,13.2875,94.95833333333333,0.34541666666666665,12.333333333333334,0.9562499999999999,166.04166666666666,108.83333333333333
2024-11-24,67.07083333333334,60.90416666666667,620.7916666666666,30.0,15.683333333333335,88.625,0.24875,11.375,1.0104166666666667,157.375,95.625
2024-11-25,46.14166666666667,41.90833333333333,452.375,25.791666666666668,10.791666666666666,73.41666666666667,0.25375,8.0,0.9916666666666667,136.41666666666666,80.625
2024-11-26,44.525,40.82083333333333,652.75,29.604166666666668,10.308333333333334,64.91666666666667,0.26916666666666667,6.583333333333333,0.9625,108.16666666666667,70.95833333333333
2024-11-27,53.487500000000004,45.67916666666667,708.5416666666666,28.162499999999998,10.700000000000001,70.45833333333333,0.32208333333333333,14.833333333333334,0.9416666666666668,123.25,75.91666666666667
2024-11-28,43.362500000000004,39.829166666666666,510.3333333333333,16.724999999999998,12.154166666666667,94.625,0.27458333333333335,6.458333333333333,0.9249999999999999,120.41666666666667,74.95833333333333
2024-11-29,52.75833333333333,50.86666666666667,558.0833333333334,21.858333333333334,21.675,106.625,0.265,3.375,0.9,122.91666666666667,74.16666666666667
2024-11-30,66.3875,62.53333333333333,588.75,26.733333333333334,19.079166666666666,90.625,0.33958333333333335,7.041666666666667,0.8895833333333334,147.875,84.33333333333333
2024-12-01,64.15416666666667,58.541666666666664,535.7083333333334,26.8125,15.262500000000001,84.29166666666667,0.3179166666666667,10.333333333333334,0.8854166666666666,155.58333333333334,92.83333333333333
2024-12-02,49.291666666666664,40.09583333333333,577.7083333333334,23.058333333333334,12.933333333333332,79.20833333333333,0.21041666666666667,17.375,0.9333333333333332,127.16666666666667,77.16666666666667
2024-12-03,49.11666666666667,38.21666666666667,459.2083333333333,28.683333333333334,13.104166666666666,72.20833333333333,0.14916666666666667,20.583333333333332,0.9791666666666666,105.83333333333333,70.25
2024-12-04,38.87083333333333,32.93333333333333,437.375,20.758333333333333,10.004166666666666,70.25,0.20458333333333334,11.125,0.9604166666666667,102.5,69.25
2024-12-05,23.545833333333334,21.179166666666667,448.375,18.79583333333333,8.4125,70.79166666666667,0.13208333333333333,3.9583333333333335,1.0083333333333333,82.125,59.458333333333336
2024-12-06,28.204166666666666,26.008333333333336,510.8333333333333,30.358333333333334,9.791666666666666,56.625,0.09375,3.625,1.0041666666666667,71.41666666666667,49.833333333333336
2024-12-07,26.445833333333336,25.704166666666666,532.5416666666666,26.125,11.512500000000001,68.25,0.10666666666666667,1.25,1.0,81.45833333333333,61.416666666666664
2024-12-08,22.5125,21.837500000000002,371.0416666666667,11.866666666666667,12.145833333333334,84.20833333333333,0.14208333333333334,1.2916666666666667,0.8937499999999999,80.16666666666667,60.291666666666664
2024-12-09,35.425000000000004,34.795833333333334,530.75,9.979166666666666,12.879166666666668,92.125,0.2675,0.9583333333333334,0.8291666666666666,75.25,52.666666666666664
2024-12-10,41.1875,40.35,484.5833333333333,14.470833333333333,11.795833333333334,86.16666666666667,0.22375,1.375,0.8729166666666667,115.04166666666667,73.16666666666667
2024-12-11,35.641666666666666,35.24583333333333,631.125,30.391666666666666,14.554166666666667,76.45833333333333,0.1125,0.0,0.9520833333333334,100.0,67.95833333333333
2024-12-12,39.35,38.7875,529.8333333333334,32.6875,14.254166666666668,77.16666666666667,0.12625,0.625,0.9562499999999999,104.875,69.29166666666667
2024-12-13,36.545833333333334,34.391666666666666,460.5416666666667,14.033333333333333,14.516666666666666,89.33333333333333,0.15208333333333332,4.041666666666667,0.8916666666666666,113.08333333333333,72.58333333333333
2024-12-14,29.304166666666664,28.55,485.0416666666667,22.820833333333336,12.641666666666666,77.375,0.07916666666666668,0.9583333333333334,0.9354166666666667,84.625,62.5
2024-12-15,27.8125,27.429166666666664,538.4583333333334,27.995833333333334,13.445833333333333,72.16666666666667,0.07291666666666667,0.0,0.9645833333333335,85.33333333333333,62.708333333333336
2024-12-16,38.050000000000004,37.30833333333333,665.5833333333334,24.579166666666666,15.270833333333334,85.33333333333333,0.08583333333333333,1.0833333333333333,0.9895833333333334,92.83333333333333,65.41666666666667
2024-12-17,86.58749999999999,83.24166666666666,710.7916666666666,23.679166666666664,29.375,106.79166666666667,0.28041666666666665,6.041666666666667,0.8312499999999999,143.25,87.20833333333333
2024-12-18,96.12083333333334,93.69583333333333,874.8333333333334,21.974999999999998,27.241666666666664,113.79166666666667,0.37958333333333333,4.166666666666667,0.8395833333333332,168.08333333333334,111.95833333333333
2024-12-19,83.24583333333334,81.96666666666667,785.0833333333334,10.129166666666666,24.3875,129.08333333333334,0.5629166666666666,2.0,0.7208333333333333,168.20833333333334,112.125
2024-12-20,84.0625,83.03750000000001,700.0,10.395833333333334,18.179166666666667,118.79166666666667,0.8070833333333334,1.7916666666666667,0.6104166666666666,161.45833333333334,101.875
2024-12-21,97.64583333333333,96.05416666666667,695.5833333333334,16.391666666666666,24.46666666666667,111.66666666666667,0.6783333333333333,2.5,0.6041666666666666,170.33333333333334,115.08333333333333
2024-12-22,65.625,64.375,587.6666666666666,10.804166666666667,19.6125,99.25,0.6429166666666667,1.9583333333333333,0.7145833333333332,164.79166666666666,106.83333333333333
2024-12-23,65.34583333333333,64.17916666666666,487.75,8.558333333333334,15.095833333333333,92.33333333333333,1.2595833333333333,1.5833333333333333,0.4583333333333333,144.29166666666666,83.70833333333333
2024-12-24,112.10416666666667,110.30833333333334,598.625,11.225,16.662499999999998,93.41666666666667,1.8916666666666666,2.6666666666666665,0.2708333333333333,170.29166666666666,115.16666666666667
2024-12-25,97.22500000000001,95.85833333333333,569.25,12.308333333333332,19.683333333333334,91.33333333333333,1.3145833333333334,2.0416666666666665,0.5625,172.5,118.75
2024-12-26,103.53750000000001,101.83749999999999,623.6666666666666,9.929166666666667,23.8125,101.5,1.7016666666666669,2.5,0.3958333333333333,174.25,121.16666666666667
2024-12-27,85.20833333333333,83.87083333333334,671.6666666666666,11.345833333333333,14.066666666666668,90.41666666666667,1.7658333333333334,2.0416666666666665,0.17708333333333334,171.58333333333334,117.29166666666667
2024-12-28,51.520833333333336,50.67083333333333,515.9166666666666,10.6,7.695833333333333,81.95833333333333,0.6670833333333334,1.375,0.6395833333333333,154.125,92.08333333333333
2024-12-29,51.78333333333333,50.9,528.0833333333334,12.541666666666666,7.604166666666667,79.25,0.26875,1.375,0.9083333333333333,135.0,79.5
2024-12-30,69.04583333333333,67.27499999999999,749.0833333333334,23.337500000000002,12.0875,80.875,0.2604166666666667,3.0,0.8791666666666668,149.375,85.79166666666667
2024-12-31,73.39999999999999,71.85833333333333,880.75,23.775000000000002,12.841666666666667,76.54166666666667,0.29458333333333336,2.5416666666666665,0.8354166666666667,158.5,97.375
2025-01-01,74.81666666666666,73.77916666666667,848.2083333333334,26.066666666666666,11.329166666666666,77.41666666666667,0.23625,1.5416666666666667,0.8916666666666667,162.66666666666666,103.625
2025-01-02,46.93333333333334,45.78333333333333,908.7916666666666,26.016666666666666,13.616666666666667,82.125,0.13708333333333333,1.875,0.86875,142.375,84.5
2025-01-03,41.291666666666664,40.295833333333334,795.125,21.620833333333334,19.733333333333334,86.375,0.13625,1.875,0.9208333333333334,116.45833333333333,73.625
2025-01-04,35.9,35.675000000000004,605.1666666666666,17.066666666666666,23.883333333333336,92.41666666666667,0.12625,0.3333333333333333,1.03125,110.20833333333333,71.625
2025-01-05,29.391666666666666,28.675,487.0416666666667,11.666666666666666,14.708333333333334,86.83333333333333,0.23958333333333334,1.2083333333333333,0.9916666666666667,83.79166666666667,62.0
2025-01-06,53.1875,51.7125,611.75,12.0375,13.049999999999999,92.75,0.49416666666666664,2.7083333333333335,0.8354166666666667,120.16666666666667,74.79166666666667
2025-01-07,76.175,75.02083333333333,650.875,13.737499999999999,15.2125,99.0,0.45083333333333336,2.0,0.8145833333333333,151.33333333333334,89.0
2025-01-08,47.00833333333333,46.4125,860.5833333333334,27.741666666666664,16.404166666666665,82.16666666666667,0.12875,0.9166666666666666,1.0333333333333334,145.66666666666666,88.04166666666667
2025-01-09,41.2125,40.9625,758.4166666666666,24.349999999999998,14.075000000000001,90.375,0.12166666666666666,0.375,1.0354166666666667,135.33333333333334,79.79166666666667
2025-01-10,40.57083333333333,39.458333333333336,547.5833333333334,9.625,13.479166666666666,94.66666666666667,0.21166666666666667,1.9166666666666667,1.01875,95.54166666666667,66.70833333333333
2025-01-11,81.10000000000001,79.35000000000001,635.9166666666666,10.270833333333334,13.5875,92.54166666666667,1.06125,3.4166666666666665,0.3625,146.25,87.58333333333333
2025-01-12,81.03750000000001,79.20833333333333,675.9583333333334,11.629166666666668,8.358333333333333,88.875,0.7154166666666667,3.0416666666666665,0.49791666666666673,166.75,109.91666666666667
2025-01-13,64.91666666666667,63.75,607.8333333333334,19.245833333333334,9.075000000000001,75.625,0.6224999999999999,2.0833333333333335,0.7124999999999999,152.70833333333334,89.625
2025-01-14,47.13333333333333,46.291666666666664,631.9583333333334,17.954166666666666,12.354166666666666,84.79166666666667,0.34791666666666665,1.4583333333333333,0.8875000000000001,150.5,87.79166666666667
2025-01-15,79.42916666666666,77.66250000000001,675.4583333333334,9.8125,12.866666666666667,95.83333333333333,1.1229166666666666,2.75,0.5395833333333333,136.95833333333334,82.125
2025-01-16,88.60833333333333,86.575,526.0833333333334,13.495833333333332,10.229166666666666,83.79166666666667,0.8854166666666666,3.0,0.7583333333333333,169.5,114.16666666666667
2025-01-17,70.3875,68.49583333333334,580.7083333333334,16.433333333333334,10.754166666666668,81.08333333333333,0.34041666666666665,3.375,0.9354166666666667,161.45833333333334,101.83333333333333
2025-01-18,63.074999999999996,60.083333333333336,646.375,14.608333333333334,11.7875,87.45833333333333,0.47458333333333336,5.5,0.8541666666666666,153.5,89.58333333333333
2025-01-19,60.23333333333333,58.65,756.75,19.479166666666668,13.8375,83.45833333333333,0.7050000000000001,2.875,0.75,150.58333333333334,85.45833333333333
2025-01-20,80.77916666666667,80.2625,1028.7083333333333,30.5125,15.549999999999999,71.83333333333333,0.665,0.875,0.8083333333333332,158.0,96.33333333333333
2025-01-21,78.55833333333334,78.09166666666667,787.75,27.7,19.195833333333333,80.20833333333333,0.75875,1.0,0.8104166666666667,162.04166666666666,102.58333333333333
2025-01-22,57.34166666666667,56.67083333333333,611.75,15.4125,15.887500000000001,86.95833333333333,0.8720833333333333,1.2916666666666667,0.8020833333333334,156.0,93.5
2025-01-23,48.00416666666666,46.737500000000004,510.125,11.9375,10.0,88.04166666666667,0.5658333333333333,2.2083333333333335,0.8770833333333333,150.45833333333334,87.08333333333333
2025-01-24,31.391666666666666,30.141666666666666,469.7916666666667,18.745833333333334,10.308333333333334,74.54166666666667,0.14541666666666667,1.875,1.0979166666666667,100.20833333333333,68.125
2025-01-25,30.579166666666666,29.508333333333336,547.6666666666666,28.825,11.525,64.16666666666667,0.06583333333333334,0.625,1.1458333333333333,86.70833333333333,63.416666666666664
2025-01-26,31.491666666666664,30.425,732.4166666666666,34.854166666666664,12.558333333333332,63.375,0.0575,0.16666666666666666,1.16875,86.41666666666667,63.416666666666664
2025-01-27,41.041666666666664,40.237500000000004,810.4583333333334,39.225,14.945833333333333,60.0,0.0725,0.5,1.1541666666666666,102.45833333333333,69.04166666666667
2025-01-28,35.4375,35.25,706.7916666666666,27.34583333333333,14.325000000000001,81.5,0.06208333333333333,0.0,1.2666666666666666,110.04166666666667,71.58333333333333
2025-01-29,30.733333333333334,30.566666666666666,451.375,11.933333333333332,13.766666666666666,96.41666666666667,0.1375,0.0,1.2416666666666667,89.125,64.20833333333333
2025-01-30,61.854166666666664,41.949999999999996,628.875,24.816666666666666,13.908333333333333,87.29166666666667,0.15583333333333335,36.166666666666664,1.1791666666666667,103.5,69.33333333333333
2025-01-31,46.012499999999996,32.920833333333334,515.5416666666666,23.858333333333334,10.299999999999999,79.08333333333333,0.22375,24.583333333333332,1.1583333333333334,107.70833333333333,70.83333333333333
2025-02-01,62.44583333333333,51.574999999999996,596.5416666666666,21.304166666666667,14.179166666666667,90.91666666666667,0.4083333333333334,20.791666666666668,1.0291666666666668,104.70833333333333,69.5
2025-02-02,80.55416666666666,71.33749999999999,566.5833333333334,12.241666666666667,15.866666666666667,104.79166666666667,0.6141666666666666,17.375,1.0,155.16666666666666,93.125
2025-02-03,74.44583333333334,67.32916666666667,540.0833333333334,8.8375,12.924999999999999,108.0,0.4679166666666667,13.25,1.0520833333333333,159.0,98.20833333333333
2025-02-04,68.50833333333334,64.22916666666667,576.75,17.558333333333334,15.033333333333333,102.04166666666667,0.5454166666666667,8.291666666666666,0.9020833333333332,147.08333333333334,85.25
2025-02-05,45.67916666666667,40.949999999999996,459.7083333333333,15.8375,10.987499999999999,86.79166666666667,0.21208333333333332,8.958333333333334,1.1729166666666666,148.95833333333334,87.83333333333333
2025-02-06,43.5625,36.329166666666666,491.9583333333333,17.537499999999998,10.129166666666666,75.79166666666667,0.18000000000000002,13.375,1.1,107.08333333333333,70.66666666666667
2025-02-07,37.416666666666664,31.712500000000002,467.125,13.7125,9.779166666666667,85.875,0.16166666666666665,10.583333333333334,1.1645833333333333,95.45833333333333,66.625
2025-02-08,28.504166666666666,26.97083333333333,490.0833333333333,21.120833333333334,9.7375,81.20833333333333,0.13,2.9583333333333335,1.1645833333333333,85.79166666666667,62.666666666666664
2025-02-09,32.516666666666666,32.22083333333333,632.2083333333334,25.025000000000002,13.754166666666668,85.70833333333333,0.1075,0.0,1.2895833333333333,91.54166666666667,64.41666666666667
2025-02-10,36.975,35.579166666666666,667.3333333333334,20.029166666666665,12.325000000000001,93.04166666666667,0.20166666666666666,2.5,1.21875,94.875,66.20833333333333
2025-02-11,57.7125,42.19166666666667,666.5833333333334,22.945833333333336,12.870833333333332,89.875,0.21708333333333332,29.916666666666668,1.2916666666666667,111.66666666666667,72.08333333333333
2025-02-12,39.74166666666667,29.829166666666666,431.6666666666667,16.254166666666666,8.9375,83.33333333333333,0.17541666666666667,19.25,1.34375,100.54166666666667,68.41666666666667
2025-02-13,32.24166666666667,26.875,426.4166666666667,20.883333333333333,9.329166666666667,75.83333333333333,0.17666666666666667,9.666666666666666,1.3479166666666667,86.16666666666667,63.291666666666664
2025-02-14,30.120833333333334,24.316666666666666,466.7916666666667,23.212500000000002,8.549999999999999,72.875,0.13708333333333333,10.375,1.4708333333333332,76.54166666666667,57.5
2025-02-15,50.34166666666667,27.191666666666666,378.75,15.845833333333333,7.3500000000000005,70.91666666666667,0.24708333333333332,42.875,1.3416666666666668,80.41666666666667,60.333333333333336
2025-02-16,47.5375,35.979166666666664,552.25,14.0625,11.575000000000001,93.70833333333333,0.225,22.125,1.3916666666666666,94.70833333333333,66.375
2025-02-17,56.824999999999996,34.46666666666667,405.4583333333333,8.875,10.370833333333334,103.79166666666667,0.33708333333333335,42.458333333333336,1.3020833333333333,99.5,68.0
2025-02-18,64.9875,37.233333333333334,397.5833333333333,16.5625,11.070833333333333,99.29166666666667,0.36375,53.666666666666664,1.1020833333333333,94.79166666666667,66.41666666666667
2025-02-19,52.69166666666666,32.520833333333336,408.0416666666667,14.458333333333334,9.420833333333333,91.70833333333333,0.3229166666666667,38.75,1.3062500000000001,107.16666666666667,70.70833333333333
2025-02-20,74.29583333333333,29.416666666666668,388.5,10.629166666666666,8.170833333333333,96.41666666666667,0.3070833333333333,83.29166666666667,1.31875,86.875,64.625
2025-02-21,85.64583333333333,27.416666666666668,331.0,8.041666666666666,7.4375,96.41666666666667,0.22583333333333333,109.79166666666667,1.4854166666666666,89.29166666666667,75.16666666666667
2025-02-22,85.27916666666667,27.712500000000002,425.5833333333333,10.995833333333332,6.341666666666666,89.375,0.26708333333333334,107.33333333333333,1.4666666666666668,82.33333333333333,73.25
2025-02-23,77.38333333333334,24.641666666666666,415.9583333333333,14.841666666666667,6.9875,93.75,0.17875,98.625,1.575,85.08333333333333,71.66666666666667
2025-02-24,69.2375,26.02916666666667,480.1666666666667,15.016666666666666,6.8125,96.33333333333333,0.18916666666666668,83.625,1.6166666666666665,83.54166666666667,69.625
2025-02-25,71.94166666666666,25.808333333333334,412.2916666666667,12.6625,8.15,102.58333333333333,0.3104166666666667,85.70833333333333,1.5708333333333335,88.04166666666667,69.08333333333333
2025-02-26,58.199999999999996,24.108333333333334,389.9166666666667,10.558333333333334,13.362499999999999,108.95833333333333,0.3425,66.875,1.5687499999999999,85.54166666666667,64.25
2025-02-27,83.28750000000001,27.8125,399.0,13.5625,9.7125,90.375,0.31583333333333335,107.25,1.16875,77.79166666666667,68.45833333333333
2025-02-28,105.67083333333333,35.25416666666667,538.7083333333334,13.241666666666667,8.4625,78.54166666666667,0.375,140.04166666666666,1.0041666666666667,99.0,81.83333333333333
2025-03-01,144.41666666666666,40.358333333333334,421.25,8.658333333333333,7.320833333333333,88.70833333333333,0.39125000000000004,198.70833333333334,1.2895833333333333,97.16666666666667,83.5
2025-03-02,130.4375,40.916666666666664,348.0416666666667,9.762500000000001,12.658333333333333,95.58333333333333,0.42583333333333334,170.45833333333334,1.2729166666666665,122.04166666666667,101.79166666666667
2025-03-03,129.07916666666668,29.929166666666664,340.75,9.629166666666666,5.891666666666667,86.25,0.3025,190.375,1.4541666666666666,93.58333333333333,85.58333333333333
2025-03-04,196.1833333333333,38.24166666666667,228.79166666666666,6.129166666666666,6.7250000000000005,95.375,0.24750000000000003,300.3333333333333,1.6645833333333335,107.16666666666667,107.54166666666667
2025-03-05,164.65,29.787499999999998,270.3333333333333,6.783333333333334,5.533333333333334,94.83333333333333,0.13041666666666665,256.8333333333333,1.7000000000000002,113.33333333333333,112.66666666666667
2025-03-06,104.53333333333335,22.287499999999998,310.7083333333333,14.245833333333335,6.8125,87.0,0.11208333333333333,161.375,1.8208333333333335,94.0,97.08333333333333
2025-03-07,59.34583333333333,20.125,398.0833333333333,21.47083333333333,6.533333333333334,75.70833333333333,0.13,74.20833333333333,1.9208333333333334,73.83333333333333,69.20833333333333
2025-03-08,81.19166666666666,21.004166666666666,332.5416666666667,14.887500000000001,7.229166666666667,93.70833333333333,0.1225,111.20833333333333,1.8708333333333333,75.95833333333333,71.45833333333333
2025-03-09,113.45416666666667,23.8,364.6666666666667,9.333333333333334,10.729166666666666,100.20833333333333,0.2333333333333333,178.91666666666666,1.7437500000000001,74.29166666666667,70.375
2025-03-10,125.02499999999999,23.724999999999998,342.875,8.5,8.604166666666666,101.16666666666667,0.16583333333333333,203.54166666666666,1.9229166666666666,93.45833333333333,95.75
2025-03-11,104.41250000000001,25.054166666666664,380.7083333333333,14.695833333333333,9.950000000000001,91.875,0.20375,157.20833333333334,1.8729166666666668,80.25,83.79166666666667
2025-03-12,152.7125,33.958333333333336,462.4166666666667,11.633333333333333,7.829166666666667,109.25,0.2791666666666667,228.04166666666666,1.8083333333333333,93.66666666666667,91.66666666666667
2025-03-13,127.59583333333332,31.75,442.6666666666667,12.695833333333333,7.4375,90.79166666666667,0.3466666666666667,192.66666666666666,1.7020833333333334,93.29166666666667,91.625
2025-03-14,162.75,33.324999999999996,446.6666666666667,12.591666666666667,6.7124999999999995,86.04166666666667,0.3775,264.2083333333333,1.5041666666666667,93.41666666666667,95.33333333333333
2025-03-15,192.3083333333333,37.1625,318.625,11.483333333333334,6.1875,85.125,0.30375,308.2916666666667,1.7354166666666666,118.25,116.5
2025-03-16,292.4375,51.47083333333333,277.5,7.491666666666667,6.441666666666666,105.25,0.39166666666666666,452.9166666666667,1.5041666666666667,158.66666666666666,148.875
2025-03-17,182.73333333333335,32.8625,298.4583333333333,10.508333333333333,5.779166666666666,100.625,0.24708333333333332,283.5833333333333,1.8625,137.16666666666666,131.79166666666666
2025-03-18,166.04583333333332,32.65,401.875,13.608333333333334,6.583333333333333,101.0,0.13999999999999999,250.91666666666666,2.0333333333333337,111.20833333333333,109.54166666666667
2025-03-19,143.64583333333334,25.9875,329.375,12.541666666666666,6.0375000000000005,107.875,0.13875,228.70833333333334,2.0124999999999997,100.20833333333333,98.16666666666667
2025-03-20,285.5708333333333,47.01666666666667,317.625,9.058333333333334,9.695833333333333,112.70833333333333,0.42625,454.8333333333333,1.5062499999999999,135.95833333333334,130.83333333333334
2025-03-21,213.775,37.25833333333333,309.25,11.504166666666668,6.258333333333333,109.45833333333333,0.41291666666666665,339.3333333333333,1.6083333333333334,150.08333333333334,142.04166666666666
2025-03-22,279.93333333333334,38.387499999999996,341.25,10.8375,6.9375,102.25,0.22124999999999997,447.5416666666667,1.9958333333333333,138.875,133.125
2025-03-23,227.20000000000002,36.61666666666667,330.5,11.1625,7.020833333333333,108.41666666666667,0.18791666666666665,363.4166666666667,2.1,154.5,145.54166666666666
2025-03-24,134.9125,27.825,341.4166666666667,11.666666666666666,10.65,108.95833333333333,0.15958333333333333,204.54166666666666,2.1479166666666667,114.33333333333333,107.625
2025-03-25,113.6875,24.829166666666666,393.5416666666667,13.641666666666666,7.875,102.58333333333333,0.19666666666666666,182.29166666666666,2.0124999999999997,84.83333333333333,84.04166666666667
2025-03-26,93.55,28.679166666666664,365.2083333333333,17.991666666666667,8.279166666666667,97.58333333333333,0.23208333333333334,126.41666666666667,2.0791666666666666,93.16666666666667,82.79166666666667
2025-03-27,176.0375,27.495833333333334,262.2083333333333,6.433333333333334,4.095833333333333,102.08333333333333,0.25333333333333335,295.75,2.152083333333333,85.0,86.45833333333333
2025-03-28,299.6125,40.44583333333333,210.95833333333334,5.3500000000000005,4.075,113.91666666666667,0.2091666666666667,496.5,2.3249999999999997,156.70833333333334,147.33333333333334
2025-03-29,257.9791666666667,36.6625,263.0,6.7250000000000005,4.645833333333333,117.79166666666667,0.16708333333333333,422.0833333333333,2.2895833333333333,162.91666666666666,152.45833333333334
2025-03-30,130.97083333333333,23.4375,321.0833333333333,11.679166666666667,5.695833333333333,101.875,0.12291666666666667,209.04166666666666,2.35,120.625,114.41666666666667
2025-03-31,209.2541666666667,33.395833333333336,356.0416666666667,13.35,6.241666666666667,106.04166666666667,0.1125,335.875,2.3625,120.91666666666667,117.45833333333333
2025-04-01,204.9125,32.81666666666667,339.875,10.962499999999999,7.7,114.625,0.13333333333333333,334.9583333333333,2.3375,127.08333333333333,122.29166666666667
2025-04-02,258.8041666666667,40.262499999999996,321.5,11.450000000000001,6.733333333333333,120.33333333333333,0.22083333333333333,417.6666666666667,2.1125000000000003,143.95833333333334,137.16666666666666
2025-04-03,188.4,37.15416666666667,364.7916666666667,10.0625,8.620833333333334,119.0,0.38000000000000006,285.875,1.7562499999999999,127.79166666666667,119.29166666666667
2025-04-04,192.30416666666667,33.574999999999996,344.3333333333333,8.279166666666667,7.316666666666666,115.41666666666667,0.23708333333333334,311.625,2.1166666666666667,115.66666666666667,111.91666666666667
2025-04-05,225.1875,36.074999999999996,339.625,8.604166666666666,7.516666666666667,110.58333333333333,0.2525,371.875,2.1708333333333334,133.66666666666666,128.83333333333334
2025-04-06,176.17499999999998,30.891666666666666,486.0416666666667,15.2125,7.020833333333333,94.75,0.23666666666666666,285.5416666666667,2.2395833333333335,119.25,117.375
2025-04-07,194.83333333333334,35.454166666666666,414.0833333333333,13.004166666666668,7.433333333333334,104.66666666666667,0.26833333333333337,329.875,2.2708333333333335,118.08333333333333,116.20833333333333
2025-04-08,210.79999999999998,37.63333333333333,384.5833333333333,10.579166666666667,7.058333333333334,108.70833333333333,0.25625000000000003,333.5,2.2104166666666667,130.83333333333334,126.66666666666667
2025-04-09,260.6166666666667,43.237500000000004,434.9166666666667,8.737499999999999,6.2875000000000005,102.5,0.33666666666666667,414.5833333333333,2.1458333333333335,122.66666666666667,120.04166666666667
2025-04-10,245.32083333333333,41.82083333333333,324.5833333333333,6.75,6.383333333333333,110.41666666666667,0.33208333333333334,412.5,2.0166666666666666,162.125,151.75
2025-04-11,293.675,49.862500000000004,323.75,5.341666666666666,5.633333333333333,102.20833333333333,0.5220833333333333,455.2083333333333,1.7166666666666668,146.54166666666666,139.16666666666666
2025-04-12,237.90833333333333,42.87916666666666,328.875,7.5375000000000005,5.5125,104.66666666666667,0.43249999999999994,407.2916666666667,1.8083333333333333,150.70833333333334,142.70833333333334
2025-04-13,199.63750000000002,38.199999999999996,298.75,8.041666666666666,5.841666666666666,112.70833333333333,0.33791666666666664,320.875,2.1645833333333333,134.16666666666666,129.41666666666666
2025-04-14,218.89166666666665,39.28333333333333,321.25,6.0125,6.854166666666667,124.33333333333333,0.3725,359.6666666666667,2.2416666666666667,132.79166666666666,126.875
2025-04-15,246.44583333333333,42.420833333333334,334.0833333333333,6.833333333333333,7.041666666666667,128.375,0.3558333333333333,403.625,2.2916666666666665,148.20833333333334,140.66666666666666
2025-04-16,190.3791666666667,36.69583333333333,381.0416666666667,5.845833333333334,7.445833333333333,129.41666666666666,0.34208333333333335,305.0416666666667,2.216666666666667,135.625,127.45833333333333
2025-04-17,182.2125,34.295833333333334,363.25,9.008333333333333,8.75,107.08333333333333,0.3575,306.8333333333333,2.2666666666666666,107.20833333333333,106.25
2025-04-18,232.70833333333334,36.829166666666666,254.75,7.125,4.45,92.54166666666667,0.33875000000000005,394.625,2.2020833333333334,116.04166666666667,114.875
2025-04-19,246.17083333333335,36.44166666666667,231.79166666666666,4.883333333333334,3.1750000000000003,100.79166666666667,0.19083333333333333,417.0416666666667,2.6145833333333335,157.83333333333334,148.25
2025-04-20,267.37083333333334,46.86666666666667,217.91666666666666,5.25,4.0625,96.54166666666667,0.5633333333333334,439.9583333333333,1.9791666666666667,141.5,135.125
2025-04-21,242.64166666666665,36.391666666666666,216.83333333333334,6.629166666666666,3.2416666666666667,113.20833333333333,0.26458333333333334,409.2083333333333,2.50625,166.125,154.95833333333334
2025-04-22,198.1916666666667,31.683333333333334,262.375,8.991666666666667,4.583333333333333,111.375,0.24583333333333335,332.9583333333333,2.2937499999999997,120.375,117.0
2025-04-23,159.52916666666667,26.945833333333336,277.4583333333333,10.829166666666666,4.858333333333333,112.58333333333333,0.12791666666666665,264.1666666666667,2.6166666666666667,121.91666666666667,114.58333333333333
2025-04-24,173.76250000000002,28.25,261.0,10.870833333333332,4.5874999999999995,104.125,0.21833333333333335,283.9583333333333,2.4708333333333337,104.29166666666667,104.75
2025-04-25,157.59583333333333,26.5125,239.29166666666666,9.433333333333334,4.358333333333333,101.29166666666667,0.27666666666666667,258.75,2.2625,105.29166666666667,105.70833333333333
2025-04-26,160.09583333333333,24.758333333333336,305.625,7.020833333333333,3.4458333333333333,107.20833333333333,0.3225,274.7083333333333,2.058333333333333,99.875,100.70833333333333
2025-04-27,141.07083333333333,31.675,374.5416666666667,13.020833333333334,6.333333333333333,122.70833333333333,0.44,218.54166666666666,1.9500000000000002,119.25,104.79166666666667
2025-04-28,179.03333333333333,30.02916666666667,306.375,6.883333333333333,6.816666666666666,127.5,0.24750000000000003,299.0416666666667,2.3270833333333334,108.29166666666667,94.95833333333333
2025-04-29,210.25833333333333,43.96666666666667,344.6666666666667,9.329166666666667,8.129166666666666,139.08333333333334,0.33208333333333334,343.3333333333333,2.2312499999999997,144.29166666666666,133.0
2025-04-30,289.9583333333333,56.01666666666667,368.3333333333333,7.2375,9.700000000000001,150.45833333333334,0.41791666666666666,448.2916666666667,2.11875,156.16666666666666,142.29166666666666
2025-05-01,295.37083333333334,58.237500000000004,357.8333333333333,6.295833333333333,10.9375,152.66666666666666,0.45541666666666664,447.7083333333333,2.0812500000000003,167.75,154.45833333333334
2025-05-02,333.9875,66.70833333333333,391.4166666666667,4.683333333333334,9.995833333333334,143.08333333333334,0.5891666666666667,546.875,1.8791666666666667,179.70833333333334,165.54166666666666
2025-05-03,254.27083333333334,52.26666666666667,395.8333333333333,6.391666666666667,10.129166666666666,130.25,0.6358333333333334,411.125,1.8229166666666667,169.375,157.58333333333334
2025-05-04,168.73333333333332,41.225,351.9583333333333,8.075000000000001,6.958333333333333,112.58333333333333,0.71625,251.91666666666666,1.8083333333333333,120.41666666666667,115.5
2025-05-05,189.2875,46.025,259.8333333333333,9.316666666666666,6.5874999999999995,105.41666666666667,0.7512500000000001,290.125,1.6708333333333334,128.83333333333334,116.83333333333333
2025-05-06,186.5,43.44583333333333,326.625,9.345833333333333,4.583333333333333,92.25,0.72125,272.4583333333333,1.1291666666666667,113.625,108.875
2025-05-07,148.30833333333334,43.73333333333333,294.0416666666667,15.933333333333332,7.104166666666667,92.16666666666667,0.6504166666666666,204.66666666666666,1.8291666666666666,131.45833333333334,113.83333333333333
2025-05-08,102.20416666666667,31.6875,319.875,7.579166666666667,5.233333333333333,103.04166666666667,0.6033333333333334,133.41666666666666,1.3645833333333333,101.29166666666667,87.70833333333333
2025-05-09,73.78750000000001,30.5625,360.8333333333333,8.862499999999999,4.7749999999999995,102.625,0.5925,80.83333333333333,2.1166666666666667,93.79166666666667,75.125
2025-05-10,127.89583333333333,36.800000000000004,354.2083333333333,10.375,5.108333333333333,104.625,0.6591666666666667,170.04166666666666,1.91875,99.125,76.0
2025-05-11,117.27083333333333,39.4375,433.375,14.116666666666667,5.758333333333333,105.66666666666667,0.5537500000000001,155.70833333333334,2.0375,112.0,91.79166666666667
2025-05-12,141.44166666666666,36.824999999999996,298.0,10.683333333333332,5.2,97.66666666666667,0.4183333333333333,205.83333333333334,2.1875,112.20833333333333,90.125
2025-05-13,178.46666666666667,35.454166666666666,270.6666666666667,5.579166666666667,4.341666666666667,100.08333333333333,0.4075,284.875,2.2062500000000003,106.875,107.08333333333333
2025-05-14,193.45416666666665,35.541666666666664,302.0416666666667,9.220833333333333,4.591666666666667,95.0,0.3825,310.9583333333333,2.2125,118.58333333333333,116.83333333333333
2025-05-15,174.86666666666667,32.329166666666666,254.33333333333334,9.65,4.333333333333333,96.83333333333333,0.3620833333333333,287.2083333333333,2.154166666666667,108.625,108.91666666666667
2025-05-16,190.64166666666665,32.729166666666664,305.25,8.299999999999999,3.7708333333333335,98.75,0.28750000000000003,310.6666666666667,2.372916666666667,118.0,116.41666666666667
2025-05-17,220.75833333333333,34.75416666666667,229.5,5.770833333333333,4.5125,102.83333333333333,0.2891666666666667,375.0833333333333,2.4520833333333334,129.375,125.54166666666667
2025-05-18,223.59166666666667,33.612500000000004,208.95833333333334,4.904166666666667,3.7083333333333335,101.41666666666667,0.25625000000000003,381.25,2.564583333333333,135.54166666666666,130.41666666666666
2025-05-19,196.57916666666665,32.358333333333334,221.95833333333334,6.7625,4.258333333333334,98.33333333333333,0.2841666666666667,329.5,2.53125,131.375,127.16666666666667
2025-05-20,251.5041666666667,36.012499999999996,265.8333333333333,6.158333333333334,4.045833333333333,92.75,0.38625,429.0416666666667,2.220833333333333,122.875,120.16666666666667
2025-05-21,250.09583333333333,35.4375,251.29166666666666,4.875,4.125,99.20833333333333,0.33791666666666664,431.7916666666667,2.347916666666667,152.54166666666666,143.95833333333334
2025-05-22,252.60833333333335,48.833333333333336,281.7916666666667,8.620833333333334,5.375,103.20833333333333,0.3829166666666666,427.8333333333333,2.345833333333333,144.95833333333334,137.95833333333334
2025-05-23,184.07916666666665,38.74166666666667,317.2916666666667,9.616666666666667,5.366666666666667,104.29166666666667,0.3016666666666667,303.8333333333333,2.629166666666667,135.08333333333334,130.125
2025-05-24,308.42083333333335,60.2125,322.8333333333333,4.3125,7.720833333333334,131.79166666666666,0.4291666666666667,507.5,2.3249999999999997,142.20833333333334,135.70833333333334
2025-05-25,243.46666666666667,56.5,338.5,4.291666666666667,9.316666666666666,136.75,0.6208333333333333,376.125,2.027083333333333,170.16666666666666,158.16666666666666
2025-05-26,251.2458333333333,57.98333333333333,332.5833333333333,5.158333333333333,7.891666666666667,133.58333333333334,0.5733333333333334,376.0,2.15,150.45833333333334,138.16666666666666
2025-05-27,207.27083333333334,49.604166666666664,340.6666666666667,8.625,7.0625,123.66666666666667,0.6066666666666667,319.6666666666667,2.066666666666667,143.41666666666666,132.91666666666666
2025-05-28,204.54166666666666,52.10833333333333,331.2916666666667,8.9125,6.933333333333334,114.91666666666667,0.7741666666666666,305.7083333333333,1.9625000000000001,134.16666666666666,116.5
2025-05-29,202.46666666666667,59.97083333333333,352.1666666666667,12.737499999999999,6.45,102.83333333333333,0.8295833333333333,292.7916666666667,1.3708333333333333,144.79166666666666,116.66666666666667
2025-05-30,242.9,57.55833333333334,311.5833333333333,8.5375,5.0,101.79166666666667,0.6749999999999999,386.7083333333333,2.0375,152.5,133.33333333333334
2025-05-31,253.35833333333335,51.30833333333334,230.66666666666666,7.891666666666667,4.704166666666667,93.875,0.6483333333333333,415.2083333333333,1.7354166666666666,143.95833333333334,130.54166666666666
2025-06-01,295.84999999999997,48.19166666666666,205.95833333333334,4.579166666666667,3.3791666666666664,91.54166666666667,0.6162500000000001,501.5416666666667,2.1020833333333333,176.20833333333334,163.04166666666666
2025-06-02,202.07500000000002,43.0875,242.75,8.075000000000001,4.8500000000000005,90.54166666666667,0.6024999999999999,316.1666666666667,2.1395833333333334,140.95833333333334,134.75
2025-06-03,159.07916666666668,39.237500000000004,344.7916666666667,6.8125,4.591666666666667,96.375,0.7020833333333334,235.83333333333334,1.6541666666666668,109.70833333333333,103.375
2025-06-04,251.22916666666666,54.50416666666666,324.0833333333333,11.033333333333333,5.7124999999999995,92.58333333333333,0.6354166666666666,395.5416666666667,1.8104166666666668,135.33333333333334,128.83333333333334
2025-06-05,182.0,45.083333333333336,363.375,13.070833333333333,5.504166666666666,94.08333333333333,0.5070833333333333,277.5833333333333,2.3125,138.5,126.625
2025-06-06,189.72083333333333,42.1625,284.0833333333333,12.020833333333334,5.020833333333333,87.70833333333333,0.5091666666666667,301.75,2.0770833333333334,119.33333333333333,112.75
2025-06-07,191.26250000000002,43.75,260.875,11.820833333333333,5.241666666666666,88.95833333333333,0.4675,299.4166666666667,2.308333333333333,118.875,113.54166666666667
2025-06-08,222.42916666666667,42.46666666666667,239.83333333333334,7.3875,4.675,97.33333333333333,0.40208333333333335,363.3333333333333,2.3041666666666667,124.875,121.91666666666667
2025-06-09,325.6125,52.31666666666666,213.75,4.8500000000000005,3.5875,103.29166666666667,0.345,553.1666666666666,2.6354166666666665,170.70833333333334,158.625
2025-06-10,238.58333333333334,39.3125,222.33333333333334,5.4875,3.3791666666666664,98.83333333333333,0.2866666666666667,404.5416666666667,2.779166666666667,169.375,157.625
2025-06-11,213.49166666666667,36.00416666666667,241.625,4.954166666666667,3.358333333333333,104.41666666666667,0.3104166666666667,361.0833333333333,2.7270833333333333,130.66666666666666,126.54166666666667
2025-06-12,122.17083333333333,25.329166666666666,281.625,8.245833333333334,3.641666666666667,101.79166666666667,0.3516666666666666,194.95833333333334,2.5770833333333334,104.125,104.375
2025-06-13,268.3,66.78750000000001,382.5416666666667,5.470833333333334,8.554166666666665,131.54166666666666,0.94,399.75,1.6229166666666668,122.0,112.83333333333333
2025-06-14,122.97500000000001,54.791666666666664,357.375,6.7,9.329166666666667,126.875,0.88,139.0,1.84375,154.5,122.83333333333333
2025-06-15,144.34583333333333,42.025,354.5,7.204166666666667,6.308333333333334,109.95833333333333,0.8391666666666667,210.625,1.9041666666666668,123.5,88.0
2025-06-16,164.34583333333333,44.550000000000004,307.1666666666667,4.908333333333333,5.245833333333334,122.20833333333333,0.68375,247.08333333333334,1.9458333333333335,121.0,105.45833333333333
2025-06-17,111.60833333333333,39.112500000000004,354.5833333333333,6.6499999999999995,4.870833333333334,107.95833333333333,0.715,145.95833333333334,1.6354166666666667,126.08333333333333,103.375
2025-06-18,16.829166666666666,9.920833333333333,276.9583333333333,6.391666666666667,5.675,79.125,0.3070833333333333,16.583333333333332,2.1041666666666665,70.625,50.458333333333336
2025-06-19,26.141666666666666,15.725,306.7916666666667,10.195833333333333,4.741666666666666,83.70833333333333,0.5325,18.083333333333332,1.04375,50.708333333333336,36.458333333333336
2025-06-20,83.32916666666667,29.90833333333333,266.4166666666667,10.0625,4.404166666666667,75.04166666666667,0.6283333333333333,104.79166666666667,1.1083333333333332,73.95833333333333,56.083333333333336
2025-06-21,61.51666666666667,20.941666666666666,297.25,7.5375000000000005,3.5875,89.125,0.455,82.75,2.089583333333333,79.70833333333333,69.58333333333333
2025-06-22,63.9,20.8625,287.625,8.579166666666667,4.133333333333334,88.95833333333333,0.45916666666666667,91.91666666666667,2.3541666666666665,71.91666666666667,65.91666666666667
2025-06-23,78.125,29.479166666666668,317.0,7.433333333333334,3.1166666666666667,93.58333333333333,0.8345833333333333,104.58333333333333,1.6500000000000001,70.04166666666667,63.166666666666664
2025-06-24,97.61666666666667,35.583333333333336,337.7916666666667,8.208333333333334,3.8125,89.5,0.9916666666666667,128.33333333333334,1.945833333333333,94.79166666666667,73.45833333333333
2025-06-25,83.5,37.96666666666667,302.625,8.495833333333334,4.245833333333334,98.83333333333333,0.8858333333333333,73.0,1.2979166666666666,111.33333333333333,81.66666666666667
2025-06-26,48.6875,31.704166666666666,329.0416666666667,7.470833333333334,4.470833333333333,104.95833333333333,0.89,30.583333333333332,1.3729166666666668,101.0,69.5
2025-06-27,46.07083333333333,21.2375,310.25,9.0875,3.9875000000000003,91.41666666666667,0.4995833333333333,66.875,2.0625,79.25,57.75
2025-06-28,35.604166666666664,18.945833333333333,260.2916666666667,9.875,4.545833333333333,82.16666666666667,0.48500000000000004,29.833333333333332,1.9270833333333333,65.29166666666667,47.041666666666664
2025-06-29,92.21249999999999,21.8875,250.33333333333334,7.845833333333334,4.270833333333333,83.875,0.5495833333333333,137.54166666666666,1.9937500000000001,72.875,74.04166666666667
2025-06-30,136.00416666666666,23.537499999999998,255.41666666666666,6.508333333333333,3.3958333333333335,76.70833333333333,0.6208333333333333,221.08333333333334,2.247916666666667,70.54166666666667,77.20833333333333
2025-07-01,56.55416666666667,18.183333333333334,313.2083333333333,9.041666666666666,3.2875,70.95833333333333,0.6829166666666667,87.16666666666667,0.9104166666666668,75.54166666666667,81.33333333333333
2025-07-02,44.82916666666667,22.041666666666668,327.7916666666667,10.612499999999999,3.7083333333333335,93.58333333333333,0.5175,27.375,1.9104166666666667,71.0,53.833333333333336
2025-07-03,30.474999999999998,27.40416666666667,415.0,17.479166666666668,4.691666666666666,90.0,0.56375,7.666666666666667,1.4395833333333332,81.125,59.416666666666664
2025-07-04,26.858333333333334,25.15416666666667,445.25,12.75,4.2250000000000005,101.70833333333333,0.6841666666666667,3.1666666666666665,2.06875,89.29166666666667,62.333333333333336
2025-07-05,25.762500000000003,17.39166666666667,310.25,8.020833333333334,2.954166666666667,89.125,0.6641666666666667,17.75,1.5416666666666667,70.66666666666667,49.583333333333336
2025-07-06,25.900000000000002,14.412500000000001,295.4166666666667,9.779166666666667,3.091666666666667,93.54166666666667,0.5075,26.541666666666668,2.15625,63.208333333333336,42.083333333333336
2025-07-07,94.57083333333333,21.599999999999998,378.5833333333333,12.637500000000001,3.783333333333333,75.83333333333333,0.5537500000000001,136.75,1.5729166666666667,67.08333333333333,69.33333333333333
2025-07-08,66.95,20.8125,249.125,10.4,3.375,83.16666666666667,0.4679166666666667,74.04166666666667,2.2416666666666667,67.16666666666667,65.375
2025-07-09,70.66250000000001,24.15416666666667,258.25,10.133333333333333,3.404166666666667,77.83333333333333,0.5816666666666667,75.91666666666667,1.7208333333333332,72.79166666666667,68.54166666666667
2025-07-10,61.59166666666667,32.795833333333334,426.5416666666667,13.454166666666666,4.279166666666667,67.125,0.7108333333333333,57.166666666666664,0.9750000000000001,82.08333333333333,64.91666666666667
2025-07-11,118.8875,40.55833333333333,321.2083333333333,16.8125,4.5375000000000005,61.333333333333336,0.765,153.0,1.0875,104.91666666666667,73.41666666666667
2025-07-12,114.41666666666667,39.69166666666667,319.2916666666667,14.525,4.541666666666667,75.29166666666667,0.7670833333333333,149.58333333333334,1.0166666666666666,106.33333333333333,89.375
2025-07-13,61.041666666666664,37.11666666666667,413.5416666666667,21.61666666666667,5.945833333333333,79.5,0.6954166666666667,50.666666666666664,1.0895833333333333,123.20833333333333,81.20833333333333
2025-07-14,26.354166666666668,20.058333333333334,400.5833333333333,13.120833333333335,4.533333333333333,86.91666666666667,0.53625,9.583333333333334,0.9854166666666666,77.79166666666667,54.583333333333336
2025-07-15,120.12916666666666,33.416666666666664,331.625,10.904166666666667,4.2749999999999995,89.83333333333333,0.5166666666666667,215.25,1.5895833333333333,74.16666666666667,55.833333333333336
2025-07-16,205.74166666666667,52.7875,334.25,12.104166666666666,4.75,82.79166666666667,0.8145833333333333,329.6666666666667,1.8270833333333334,130.70833333333334,116.75
2025-07-17,116.3875,40.19583333333333,415.7083333333333,13.433333333333332,3.841666666666667,72.875,0.7758333333333334,151.125,0.8083333333333332,126.66666666666667,103.79166666666667
2025-07-18,42.770833333333336,27.224999999999998,329.5416666666667,12.416666666666666,5.054166666666666,88.20833333333333,0.715,29.208333333333332,0.7395833333333334,95.54166666666667,70.54166666666667
2025-07-19,107.63333333333333,19.333333333333332,251.08333333333334,6.645833333333333,3.1999999999999997,72.0,0.2608333333333333,172.95833333333334,1.7479166666666668,65.5,47.208333333333336
2025-07-20,194.96666666666667,35.99583333333333,278.0833333333333,11.870833333333332,4.133333333333334,67.45833333333333,0.4608333333333334,348.25,1.5854166666666665,121.91666666666667,119.45833333333333
2025-07-21,62.92083333333333,26.804166666666664,361.9583333333333,17.9875,5.875,68.375,0.4808333333333333,75.79166666666667,1.2625,96.08333333333333,89.08333333333333
2025-07-22,31.849999999999998,22.34166666666667,284.6666666666667,17.6375,3.783333333333333,57.041666666666664,0.4791666666666667,18.791666666666668,1.0291666666666666,75.79166666666667,55.583333333333336
2025-07-23,65.09583333333333,26.325,264.8333333333333,12.066666666666668,3.579166666666667,58.958333333333336,0.5833333333333334,63.416666666666664,1.3666666666666665,74.91666666666667,53.958333333333336
2025-07-24,52.37083333333334,23.479166666666668,229.16666666666666,12.416666666666666,3.3874999999999997,59.791666666666664,0.5966666666666667,55.25,1.4749999999999999,75.54166666666667,62.333333333333336
2025-07-25,244.60416666666666,43.45416666666667,314.2916666666667,10.104166666666666,3.1666666666666665,69.25,0.6516666666666667,364.5833333333333,2.1625,106.54166666666667,102.0
2025-07-26,82.52916666666667,28.041666666666668,380.2916666666667,11.012500000000001,3.1791666666666667,76.08333333333333,0.5470833333333334,104.33333333333333,1.5083333333333335,108.91666666666667,104.375
2025-07-27,72.7375,33.0875,466.375,13.408333333333333,5.554166666666667,86.70833333333333,0.6979166666666666,110.0,1.3958333333333333,88.91666666666667,69.79166666666667
2025-07-28,65.12916666666666,35.333333333333336,307.0416666666667,14.924999999999999,4.4624999999999995,76.375,0.8416666666666667,56.333333333333336,1.0145833333333334,100.0,69.0
2025-07-29,50.94583333333333,23.229166666666668,311.6666666666667,11.816666666666668,3.2875,66.41666666666667,0.7525,52.833333333333336,1.1041666666666667,83.04166666666667,62.291666666666664
2025-07-30,72.34166666666667,27.72083333333333,293.7083333333333,14.070833333333333,3.725,54.5,0.7000000000000001,87.66666666666667,0.71875,81.95833333333333,65.45833333333333
2025-07-31,40.24583333333333,17.754166666666666,236.29166666666666,10.379166666666666,3.483333333333333,53.25,0.46416666666666667,42.416666666666664,0.5833333333333334,73.125,58.416666666666664
2025-08-01,37.28333333333333,18.741666666666667,224.33333333333334,10.174999999999999,3.0124999999999997,61.5,0.5133333333333333,36.291666666666664,1.5854166666666665,61.416666666666664,38.0
2025-08-02,134.47916666666666,34.99583333333333,240.125,11.854166666666666,3.4291666666666667,62.375,0.5804166666666667,164.875,2.247916666666667,79.0,63.041666666666664
2025-08-03,130.23749999999998,32.733333333333334,299.2916666666667,10.908333333333333,3.216666666666667,65.29166666666667,0.5341666666666667,184.08333333333334,2.0229166666666667,101.66666666666667,99.75
2025-08-04,282.57916666666665,45.39166666666667,227.83333333333334,10.916666666666666,3.775,59.25,0.45166666666666666,455.5416666666667,1.20625,129.54166666666666,124.95833333333333
2025-08-05,136.04999999999998,27.641666666666666,216.0,10.354166666666666,3.4458333333333333,62.166666666666664,0.45249999999999996,220.41666666666666,1.51875,137.45833333333334,131.91666666666666
2025-08-06,86.0,23.679166666666664,229.33333333333334,11.116666666666667,3.1374999999999997,61.25,0.48625,134.16666666666666,1.9520833333333334,70.25,66.16666666666667
2025-08-07,232.35,40.06666666666667,221.5,10.049999999999999,3.275,64.75,0.47208333333333335,368.4166666666667,2.122916666666667,102.25,102.54166666666667
2025-08-08,224.34583333333333,40.525,257.5416666666667,12.858333333333334,3.6041666666666665,61.541666666666664,0.4354166666666666,374.75,2.091666666666667,152.45833333333334,144.0
2025-08-09,200.59583333333333,40.954166666666666,311.0,16.474999999999998,4.116666666666666,59.666666666666664,0.5470833333333334,307.625,1.5916666666666668,123.45833333333333,120.875
2025-08-10,128.39166666666668,34.454166666666666,298.9583333333333,18.575,4.3125,60.625,0.49041666666666667,187.58333333333334,1.89375,102.91666666666667,95.41666666666667
2025-08-11,112.47500000000001,31.004166666666666,255.58333333333334,16.554166666666667,4.354166666666667,58.75,0.5329166666666666,168.58333333333334,1.75,102.79166666666667,96.625
2025-08-12,172.45000000000002,31.520833333333332,214.125,10.933333333333332,3.2458333333333336,57.791666666666664,0.41291666666666665,267.625,2.0375,98.08333333333333,99.08333333333333
2025-08-13,107.8,27.141666666666666,256.3333333333333,14.341666666666667,3.6666666666666665,55.083333333333336,0.44333333333333336,152.0,2.0229166666666667,95.54166666666667,97.95833333333333
2025-08-14,25.104166666666668,21.083333333333332,360.7083333333333,19.845833333333335,5.620833333333334,44.791666666666664,0.39875,7.375,1.2375,74.5,58.333333333333336
2025-08-15,25.191666666666666,22.058333333333334,396.4166666666667,15.666666666666666,4.866666666666666,69.0,0.395,6.333333333333333,1.2125000000000001,68.83333333333333,45.375
2025-08-16,49.77916666666667,39.020833333333336,399.25,17.095833333333335,5.3999999999999995,80.5,0.7441666666666666,19.958333333333332,1.2395833333333333,90.25,63.333333333333336
2025-08-17,66.58749999999999,29.3125,347.2083333333333,10.829166666666666,6.2375,85.91666666666667,0.53125,65.125,1.8958333333333333,104.83333333333333,72.41666666666667
2025-08-18,28.9375,26.191666666666666,316.0,9.154166666666667,5.220833333333333,89.58333333333333,0.605,5.5,1.6500000000000001,78.45833333333333,59.333333333333336
2025-08-19,58.55416666666667,26.1125,316.125,9.125,4.875,94.20833333333333,0.48458333333333337,71.66666666666667,1.9458333333333335,79.33333333333333,60.833333333333336
2025-08-20,35.77916666666666,20.416666666666668,254.91666666666666,8.575,4.925,88.08333333333333,0.45875,29.625,2.2895833333333333,72.66666666666667,61.458333333333336
2025-08-21,22.15416666666667,20.045833333333334,316.0,11.233333333333334,3.720833333333333,83.75,0.5816666666666667,3.8333333333333335,1.7333333333333334,66.79166666666667,45.458333333333336
2025-08-22,18.258333333333333,17.379166666666666,320.0416666666667,10.216666666666667,2.529166666666667,74.79166666666667,0.6729166666666666,1.625,0.8041666666666667,67.16666666666667,41.666666666666664
2025-08-23,16.025000000000002,12.387500000000001,288.7083333333333,10.966666666666667,2.891666666666667,64.375,0.5025000000000001,7.125,0.63125,56.958333333333336,32.125
2025-08-24,12.362499999999999,11.570833333333333,385.125,12.883333333333333,3.016666666666667,68.875,0.3729166666666666,1.7083333333333333,1.3125,46.5,31.333333333333332
2025-08-25,16.170833333333334,15.966666666666667,390.6666666666667,12.0875,3.720833333333333,79.5,0.4183333333333334,0.3333333333333333,1.7208333333333332,57.0,37.833333333333336
2025-08-26,35.94583333333333,26.287499999999998,403.75,11.029166666666667,3.908333333333333,89.66666666666667,0.6075,19.291666666666668,1.1979166666666667,67.375,47.166666666666664
2025-08-27,46.666666666666664,26.425,543.5833333333334,13.995833333333332,3.891666666666667,78.75,0.5870833333333333,40.625,1.1020833333333333,86.25,63.208333333333336
2025-08-28,31.308333333333334,23.608333333333334,416.4583333333333,21.304166666666667,5.445833333333333,76.83333333333333,0.45458333333333334,15.791666666666666,1.4104166666666667,82.33333333333333,61.166666666666664
2025-08-29,20.541666666666668,19.704166666666666,412.8333333333333,17.854166666666668,4.925,65.125,0.47291666666666665,1.7083333333333333,0.7979166666666666,65.45833333333333,42.875
2025-08-30,28.650000000000002,26.09583333333333,340.0,13.466666666666667,5.966666666666666,81.58333333333333,0.6420833333333333,4.75,1.4895833333333333,73.5,52.25
2025-08-31,23.462500000000002,20.125,370.6666666666667,15.775,3.8791666666666664,68.25,0.5758333333333333,6.416666666666667,0.8312499999999999,77.20833333333333,56.291666666666664
2025-09-01,12.466666666666667,9.995833333333334,289.4166666666667,9.245833333333334,2.529166666666667,80.125,0.3575,4.791666666666667,0.7687499999999999,53.416666666666664,36.666666666666664
2025-09-02,26.420833333333334,21.587500000000002,346.5416666666667,15.391666666666666,3.641666666666667,84.08333333333333,0.45541666666666664,9.208333333333334,1.0604166666666666,55.583333333333336,40.125
2025-09-03,37.574999999999996,28.09583333333333,421.7083333333333,17.220833333333335,4.7375,85.45833333333333,0.47291666666666665,20.208333333333332,1.7604166666666667,87.41666666666667,61.5
2025-09-04,17.233333333333334,15.9375,303.625,8.720833333333333,3.9958333333333336,76.54166666666667,0.4579166666666667,2.4166666666666665,0.9770833333333333,65.91666666666667,43.625
2025-09-05,26.104166666666668,19.691666666666666,292.4166666666667,8.741666666666667,6.720833333333334,88.08333333333333,0.53125,9.708333333333334,1.35625,64.54166666666667,41.958333333333336
2025-09-06,13.741666666666667,13.654166666666667,281.3333333333333,8.045833333333333,5.104166666666667,83.5,0.45416666666666666,0.08333333333333333,0.725,54.5,36.125
2025-09-07,16.037499999999998,14.554166666666667,271.125,8.924999999999999,6.504166666666666,80.125,0.34125,3.125,1.5625,58.708333333333336,37.791666666666664
2025-09-08,39.82083333333333,21.179166666666667,285.1666666666667,11.991666666666667,6.0375000000000005,59.25,0.3670833333333334,38.125,1.3104166666666666,56.083333333333336,32.125
2025-09-09,54.52916666666667,25.575,330.875,14.408333333333333,4.804166666666666,69.66666666666667,0.38625,56.583333333333336,2.027083333333333,80.20833333333333,59.75
2025-09-10,54.4125,21.745833333333334,255.08333333333334,9.2125,2.975,79.83333333333333,0.35916666666666663,63.833333333333336,2.004166666666667,73.70833333333333,62.375
2025-09-11,63.19583333333333,23.754166666666666,215.20833333333334,8.454166666666667,3.8083333333333336,77.45833333333333,0.41208333333333336,79.54166666666667,1.7333333333333334,73.125,64.125
2025-09-12,43.32916666666667,19.908333333333335,256.875,11.179166666666667,3.408333333333333,64.0,0.34541666666666665,44.583333333333336,1.741666666666667,71.08333333333333,59.625
2025-09-13,32.28333333333333,17.395833333333332,318.0416666666667,15.116666666666667,3.8874999999999997,65.04166666666667,0.24083333333333334,28.208333333333332,1.9854166666666666,62.75,40.625
2025-09-14,45.80833333333334,19.283333333333335,287.875,15.829166666666666,4.3999999999999995,68.45833333333333,0.2866666666666667,49.166666666666664,1.9833333333333334,64.375,43.375
2025-09-15,19.620833333333334,15.408333333333333,234.66666666666666,11.854166666666666,3.920833333333333,75.41666666666667,0.24791666666666667,7.916666666666667,2.189583333333333,60.75,44.625
2025-09-16,27.40416666666667,21.320833333333333,343.7083333333333,18.166666666666668,4.216666666666667,62.041666666666664,0.3283333333333333,11.291666666666666,2.0333333333333337,59.791666666666664,36.541666666666664
2025-09-17,26.1375,21.71666666666667,373.9583333333333,20.908333333333335,4.041666666666667,61.708333333333336,0.37999999999999995,7.916666666666667,1.8333333333333333,77.25,57.833333333333336
2025-09-18,23.40833333333333,17.620833333333334,352.375,13.504166666666668,3.625,77.54166666666667,0.38833333333333336,11.0,1.8479166666666667,65.79166666666667,43.791666666666664
2025-09-19,29.320833333333336,21.045833333333334,290.0416666666667,16.708333333333332,4.341666666666667,77.83333333333333,0.37999999999999995,15.875,1.89375,67.125,44.541666666666664
2025-09-20,36.9875,21.491666666666664,297.5833333333333,17.791666666666668,4.7375,77.79166666666667,0.33166666666666667,29.875,1.7895833333333335,73.45833333333333,49.875
2025-09-21,35.958333333333336,18.4,273.9166666666667,13.054166666666667,4.483333333333333,79.375,0.23083333333333333,33.458333333333336,2.0083333333333333,67.375,45.583333333333336
2025-09-22,25.516666666666666,16.566666666666666,274.125,12.558333333333332,4.2124999999999995,82.5,0.17666666666666667,17.916666666666668,2.152083333333333,63.75,42.25
2025-09-23,21.883333333333336,15.854166666666666,267.2083333333333,10.391666666666667,3.970833333333333,85.66666666666667,0.17458333333333334,11.666666666666666,2.05625,61.833333333333336,41.0
2025-09-24,14.383333333333333,10.858333333333334,233.58333333333334,9.116666666666667,3.5124999999999997,80.625,0.13583333333333333,7.0,2.1458333333333335,53.916666666666664,36.0
2025-09-25,8.633333333333333,7.720833333333332,225.29166666666666,10.029166666666667,3.341666666666667,80.66666666666667,0.11166666666666668,1.6666666666666667,2.15,45.75,33.958333333333336
2025-09-26,15.674999999999999,9.958333333333334,274.375,13.612499999999999,4.1375,80.79166666666667,0.12833333333333333,10.458333333333334,2.066666666666667,43.083333333333336,34.75
2025-09-27,66.16666666666667,24.3125,307.6666666666667,14.916666666666666,8.108333333333333,96.20833333333333,0.35333333333333333,79.83333333333333,1.8333333333333333,71.08333333333333,48.625
2025-09-28,21.579166666666666,16.474999999999998,324.5,7.029166666666666,6.5,102.25,0.32666666666666666,9.583333333333334,1.6479166666666665,74.625,55.875
2025-09-29,16.025000000000002,15.666666666666666,295.6666666666667,8.233333333333333,5.604166666666667,92.625,0.4479166666666667,0.6666666666666666,1.5979166666666667,58.125,39.625
2025-09-30,25.116666666666664,24.995833333333334,374.0416666666667,12.045833333333334,6.05,87.95833333333333,0.555,0.0,1.3958333333333333,68.70833333333333,47.208333333333336
2025-10-01,24.170833333333334,24.008333333333336,442.5833333333333,14.670833333333334,5.441666666666666,81.58333333333333,0.35708333333333336,0.0,1.4124999999999999,82.70833333333333,61.666666666666664
2025-10-02,18.695833333333333,17.974999999999998,505.2916666666667,17.541666666666668,5.529166666666666,77.58333333333333,0.32416666666666666,1.1666666666666667,1.3104166666666666,70.0,48.041666666666664
2025-10-03,19.07916666666667,18.620833333333334,410.0833333333333,14.845833333333333,4.720833333333333,89.45833333333333,0.38916666666666666,0.875,1.3687500000000001,67.58333333333333,43.125
2025-10-04,58.99583333333334,30.525000000000002,443.2916666666667,18.125,8.733333333333333,98.91666666666667,0.47583333333333333,55.416666666666664,1.4124999999999999,93.04166666666667,58.916666666666664
2025-10-05,19.004166666666666,16.558333333333334,280.25,10.191666666666666,4.395833333333333,87.54166666666667,0.2504166666666667,4.458333333333333,1.6791666666666665,74.95833333333333,53.416666666666664
2025-10-06,16.241666666666667,14.220833333333333,250.91666666666666,11.795833333333334,3.6166666666666667,64.70833333333333,0.25916666666666666,3.7083333333333335,1.2249999999999999,58.458333333333336,33.166666666666664
2025-10-07,52.09583333333333,23.916666666666668,222.25,12.25,3.533333333333333,71.58333333333333,0.45625,54.333333333333336,1.2750000000000001,58.25,38.125
2025-10-08,68.575,35.829166666666666,337.75,17.033333333333335,4.729166666666667,74.66666666666667,0.4725,62.041666666666664,1.4708333333333332,95.41666666666667,69.5
2025-10-09,57.7875,37.94166666666667,419.0833333333333,22.241666666666664,8.129166666666666,82.66666666666667,0.3233333333333333,37.708333333333336,1.6125,104.125,69.29166666666667
2025-10-10,46.63333333333333,35.93333333333333,417.2916666666667,26.891666666666666,9.054166666666667,76.83333333333333,0.32208333333333333,19.916666666666668,1.60625,104.45833333333333,69.79166666666667
2025-10-11,35.85,28.787499999999998,443.375,23.662499999999998,9.25,77.79166666666667,0.26666666666666666,13.583333333333334,1.6333333333333335,95.5,66.29166666666667
2025-10-12,96.67916666666667,28.295833333333334,374.7083333333333,24.508333333333336,9.583333333333334,82.45833333333333,0.26291666666666663,125.16666666666667,1.5187499999999998,87.25,71.33333333333333
2025-10-13,84.53750000000001,29.579166666666666,482.7083333333333,31.03333333333333,9.304166666666667,77.375,0.26166666666666666,95.04166666666667,1.5416666666666667,88.29166666666667,71.79166666666667
2025-10-14,51.18333333333334,26.495833333333334,551.7916666666666,29.34166666666667,8.641666666666667,88.33333333333333,0.17166666666666666,46.166666666666664,1.6270833333333332,94.08333333333333,68.79166666666667
2025-10-15,51.7875,29.087500000000002,527.75,27.400000000000002,11.020833333333334,114.0,0.19708333333333336,42.75,1.5562500000000001,98.0,63.458333333333336
2025-10-16,40.2875,31.59583333333333,475.0833333333333,31.433333333333334,11.016666666666666,108.75,0.18583333333333332,16.5,1.5708333333333335,103.95833333333333,65.83333333333333
2025-10-17,29.075,26.708333333333332,508.9583333333333,34.275,9.558333333333334,99.58333333333333,0.14458333333333334,4.541666666666667,1.5999999999999999,100.91666666666667,64.70833333333333
2025-10-18,47.73333333333333,32.925000000000004,512.4166666666666,31.970833333333335,9.795833333333333,102.45833333333333,0.23625,28.25,1.5083333333333335,98.375,65.04166666666667
2025-10-19,57.78333333333333,32.604166666666664,472.2916666666667,24.52916666666667,8.329166666666667,114.95833333333333,0.2808333333333333,47.5,1.41875,105.375,66.66666666666667
2025-10-20,56.9125,41.829166666666666,480.4166666666667,29.275000000000002,10.466666666666667,106.04166666666667,0.44208333333333333,29.125,1.2854166666666667,104.33333333333333,67.66666666666667
2025-10-21,73.27916666666667,58.42083333333334,442.4166666666667,38.96666666666667,9.729166666666666,81.29166666666667,0.7008333333333333,28.25,1.0562500000000001,140.70833333333334,81.58333333333333
2025-10-22,102.99166666666667,71.13333333333334,443.4583333333333,29.995833333333334,10.570833333333333,83.75,0.7358333333333333,60.25,1.03125,156.625,94.33333333333333
2025-10-23,74.91250000000001,34.025,423.3333333333333,15.883333333333333,8.133333333333333,101.83333333333333,0.39166666666666666,75.125,1.3708333333333333,137.08333333333334,82.875
2025-10-24,55.8375,33.84166666666667,466.2083333333333,21.941666666666666,8.095833333333333,96.91666666666667,0.2783333333333333,38.416666666666664,1.4395833333333332,99.33333333333333,67.16666666666667
2025-10-25,58.300000000000004,35.27916666666667,454.0416666666667,20.508333333333333,8.758333333333333,105.41666666666667,0.30791666666666667,43.625,1.4208333333333334,105.41666666666667,67.79166666666667
2025-10-26,74.94166666666666,59.50833333333333,441.5,13.383333333333333,11.4,115.33333333333333,0.7579166666666667,29.0,1.0458333333333332,119.79166666666667,74.79166666666667
2025-10-27,72.78750000000001,61.208333333333336,463.7083333333333,11.820833333333333,14.845833333333333,104.91666666666667,0.9237500000000001,22.041666666666668,0.3625,155.0,92.16666666666667
2025-10-28,43.92083333333333,42.72083333333333,375.9583333333333,10.325000000000001,8.758333333333333,85.58333333333333,0.38000000000000006,2.2083333333333335,0.3729166666666666,138.29166666666666,81.20833333333333
2025-10-29,37.454166666666666,35.920833333333334,379.5,14.058333333333332,10.379166666666666,84.0,0.29833333333333334,2.9166666666666665,1.0250000000000001,105.625,70.08333333333333
2025-10-30,48.1,40.333333333333336,480.2916666666667,17.579166666666666,7.8875,71.83333333333333,0.45999999999999996,15.333333333333334,0.37916666666666665,113.5,72.625
2025-10-31,47.166666666666664,40.09166666666667,513.9583333333334,25.262500000000003,7.1375,66.45833333333333,0.5245833333333333,13.625,1.0708333333333333,103.95833333333333,69.75
2025-11-01,54.074999999999996,42.137499999999996,625.5,28.383333333333336,7.479166666666667,64.95833333333333,0.5454166666666667,24.416666666666668,1.1229166666666666,114.33333333333333,73.04166666666667
2025-11-02,77.65833333333333,57.270833333333336,581.0833333333334,37.050000000000004,7.483333333333333,65.875,0.34125,36.5,1.2541666666666667,139.5,81.0
2025-11-03,45.42083333333333,39.166666666666664,586.4583333333334,30.433333333333334,6.620833333333334,72.75,0.19791666666666666,11.166666666666666,1.3395833333333333,141.75,82.125
2025-11-04,38.47083333333333,36.225,650.6666666666666,17.645833333333332,6.6625000000000005,76.875,0.41208333333333336,3.5416666666666665,1.0041666666666667,86.45833333333333,63.083333333333336
2025-11-05,31.120833333333334,26.7625,472.0833333333333,14.954166666666667,6.675,82.29166666666667,0.18166666666666667,8.5,1.3520833333333335,105.625,70.16666666666667
2025-11-06,46.22083333333333,33.44583333333333,405.2083333333333,14.775,8.395833333333334,90.45833333333333,0.2025,23.333333333333332,1.2750000000000001,88.45833333333333,63.166666666666664
2025-11-07,26.96666666666667,22.383333333333336,461.875,23.712500000000002,6.991666666666667,74.54166666666667,0.105,7.166666666666667,1.3499999999999999,81.125,58.083333333333336
2025-11-08,32.32083333333333,30.545833333333334,605.0,27.787499999999998,8.716666666666667,70.33333333333333,0.15416666666666667,3.2083333333333335,1.2874999999999999,81.29166666666667,59.875
2025-11-09,45.487500000000004,36.0875,652.9166666666666,33.30416666666667,9.195833333333333,64.25,0.16125,15.0,1.2645833333333334,94.70833333333333,66.33333333333333
2025-11-10,48.10833333333333,42.90833333333333,617.0416666666666,36.875,10.083333333333334,68.375,0.14625000000000002,8.916666666666666,1.2541666666666667,116.58333333333333,73.70833333333333
2025-11-11,50.49583333333334,46.44166666666666,509.9166666666667,38.27916666666667,10.65,66.41666666666667,0.19083333333333333,7.166666666666667,1.1937499999999999,119.04166666666667,74.54166666666667
2025-11-12,34.40833333333333,31.254166666666666,582.5416666666666,37.49583333333333,8.520833333333334,63.458333333333336,0.08125,4.958333333333333,1.2729166666666667,112.45833333333333,72.33333333333333
2025-11-13,30.695833333333336,28.041666666666668,481.7083333333333,28.504166666666666,8.933333333333334,65.08333333333333,0.16416666666666666,4.666666666666667,1.2375,79.625,60.041666666666664
2025-11-14,65.50833333333334,58.0375,682.0416666666666,27.72083333333333,13.616666666666667,80.45833333333333,0.2791666666666667,13.375,1.1395833333333332,128.79166666666666,78.04166666666667
2025-11-15,48.3375,44.68333333333334,629.7083333333334,29.450000000000003,13.262500000000001,73.0,0.22958333333333333,6.625,1.1416666666666666,131.83333333333334,78.75
2025-11-16,41.645833333333336,39.512499999999996,578.0833333333334,31.570833333333336,12.291666666666666,67.125,0.1875,4.0,1.1770833333333333,121.33333333333333,75.29166666666667
2025-11-17,38.300000000000004,37.24583333333333,702.4583333333334,38.145833333333336,13.829166666666666,64.70833333333333,0.15208333333333335,1.875,1.2020833333333334,98.45833333333333,67.79166666666667
2025-11-18,48.5,47.55833333333334,692.2916666666666,37.9,14.495833333333332,65.41666666666667,0.16333333333333333,1.6666666666666667,1.25,128.0,77.41666666666667
2025-11-19,60.59583333333333,59.25,677.2083333333334,33.395833333333336,14.733333333333334,82.875,0.26,2.2916666666666665,1.1291666666666667,128.79166666666666,77.70833333333333
2025-11-20,82.44166666666666,80.91666666666667,822.6666666666666,31.058333333333334,16.991666666666667,97.375,0.29958333333333337,2.5,1.0729166666666667,160.75,101.0
2025-11-21,98.41250000000001,96.19166666666666,918.0,28.63333333333333,16.229166666666668,102.54166666666667,0.4154166666666667,4.125,0.9770833333333333,165.16666666666666,107.54166666666667
2025-11-22,108.08749999999999,104.72916666666667,848.3333333333334,28.78333333333333,16.795833333333334,94.58333333333333,0.4879166666666666,5.958333333333333,0.9083333333333333,176.75,125.125
2025-11-23,90.21249999999999,86.375,739.5,29.108333333333334,14.716666666666667,89.125,0.49583333333333335,6.958333333333333,0.9145833333333333,170.29166666666666,115.125
2025-11-24,69.82083333333334,66.9375,596.5416666666666,22.425,12.995833333333332,88.41666666666667,0.37833333333333335,5.125,0.9979166666666667,161.66666666666666,102.125
2025-11-25,56.75416666666666,55.13333333333333,638.2083333333334,23.974999999999998,16.537499999999998,98.33333333333333,0.2970833333333333,2.875,1.0166666666666666,152.0,87.58333333333333
2025-11-26,39.07083333333333,38.50833333333333,694.7916666666666,17.1375,13.9625,97.125,0.5020833333333333,0.7916666666666666,0.8624999999999999,128.41666666666666,77.45833333333333
2025-11-27,45.87916666666666,45.13333333333333,678.7916666666666,13.258333333333333,20.654166666666665,123.5,0.9383333333333334,1.5,0.6791666666666667,113.08333333333333,70.5
2025-11-28,78.22083333333333,76.39583333333333,795.375,22.758333333333336,19.025000000000002,114.375,1.1116666666666666,3.0833333333333335,0.6520833333333333,147.83333333333334,87.125
2025-11-29,79.80416666666666,78.49166666666666,677.2083333333334,26.420833333333334,16.962500000000002,94.16666666666667,0.92125,2.0833333333333335,0.7291666666666666,163.83333333333334,105.375
2025-11-30,73.35833333333333,72.28333333333333,725.3333333333334,32.94583333333333,15.133333333333333,71.04166666666667,0.68375,1.5416666666666667,0.7604166666666666,158.83333333333334,97.75
2025-12-01,59.416666666666664,58.69583333333333,602.0,24.141666666666666,14.091666666666667,81.33333333333333,0.5179166666666667,1.0,0.8937499999999999,157.66666666666666,95.91666666666667
2025-12-02,42.81666666666666,42.22083333333333,500.0416666666667,18.787499999999998,11.549999999999999,75.04166666666667,0.4254166666666667,0.875,0.7999999999999999,140.16666666666666,81.54166666666667
2025-12-03,38.87083333333333,38.4625,477.9583333333333,16.845833333333335,14.65,97.875,0.24875,0.7916666666666666,0.9958333333333332,107.08333333333333,70.66666666666667
2025-12-04,46.42916666666667,46.07916666666667,591.4583333333334,25.958333333333332,15.033333333333333,85.75,0.20666666666666667,0.625,1.0104166666666667,112.25,72.33333333333333
2025-12-05,34.979166666666664,34.74166666666667,615.375,32.766666666666666,13.125,65.29166666666667,0.13708333333333333,0.4583333333333333,1.0374999999999999,115.70833333333333,73.41666666666667
2025-12-06,45.09166666666667,44.20416666666667,577.375,27.087500000000002,13.195833333333333,76.16666666666667,0.15958333333333333,1.4166666666666667,0.9645833333333332,107.0,70.58333333333333
2025-12-07,32.604166666666664,31.979166666666668,560.5,27.566666666666666,13.9625,73.45833333333333,0.16541666666666668,0.7916666666666666,0.94375,111.20833333333333,71.91666666666667
2025-12-08,24.041666666666668,23.53333333333333,602.7083333333334,23.804166666666664,14.416666666666666,65.25,0.12291666666666667,0.625,0.9562499999999999,81.625,61.041666666666664
2025-12-09,28.46666666666667,26.53333333333333,514.9166666666666,22.445833333333336,14.520833333333334,71.83333333333333,0.12416666666666666,3.125,0.9770833333333333,77.70833333333333,58.583333333333336
2025-12-10,25.354166666666668,23.858333333333334,523.2916666666666,31.729166666666668,12.608333333333334,58.416666666666664,0.07041666666666667,1.75,1.0208333333333333,74.58333333333333,55.291666666666664
2025-12-11,26.545833333333334,25.5625,437.2916666666667,36.1,10.504166666666666,55.208333333333336,0.06791666666666667,0.041666666666666664,1.0395833333333333,80.04166666666667,60.583333333333336
2025-12-12,28.191666666666666,27.020833333333332,605.5833333333334,35.59166666666667,12.416666666666666,61.916666666666664,0.08958333333333333,0.0,1.04375,78.33333333333333,60.208333333333336
2025-12-13,33.7125,32.733333333333334,730.5416666666666,30.983333333333334,15.225,86.91666666666667,0.09458333333333334,0.0,1.0479166666666666,95.41666666666667,65.70833333333333
2025-12-14,50.5875,50.00833333333333,738.3333333333334,25.8625,14.491666666666667,105.625,0.15041666666666667,1.0,0.9083333333333333,108.29166666666667,69.45833333333333
2025-12-15,59.14166666666667,58.12916666666666,844.4583333333334,37.4,16.099999999999998,85.33333333333333,0.1225,1.625,0.9916666666666667,152.125,89.0
2025-12-16,41.75,40.34166666666667,630.4166666666666,28.72083333333333,15.025,84.41666666666667,0.11583333333333334,2.4166666666666665,1.03125,127.125,76.83333333333333
2025-12-17,39.02916666666667,37.858333333333334,582.8333333333334,28.77916666666667,16.599999999999998,73.875,0.09708333333333334,2.2916666666666665,1.05625,104.5,69.79166666666667
2025-12-18,46.449999999999996,42.925000000000004,644.125,34.44583333333333,17.058333333333334,72.5,0.10791666666666666,6.125,1.0479166666666666,115.33333333333333,73.25
2025-12-19,46.416666666666664,43.54583333333333,646.4166666666666,39.65416666666667,16.858333333333334,68.5,0.09749999999999999,3.9166666666666665,1.0104166666666667,121.20833333333333,75.29166666666667
2025-12-20,40.737500000000004,39.975,718.0416666666666,36.65833333333333,17.295833333333334,72.875,0.09875,0.5416666666666666,1.00625,116.79166666666667,73.75
2025-12-21,50.60833333333333,50.09583333333333,827.375,21.599999999999998,14.737499999999999,94.95833333333333,0.16375,0.7916666666666666,0.9145833333333333,116.95833333333333,73.83333333333333
2025-12-22,84.30833333333334,82.6125,781.6666666666666,19.7,18.766666666666666,104.04166666666667,0.2504166666666667,3.0833333333333335,0.9083333333333333,157.375,97.125
2025-12-23,44.85833333333333,44.15416666666667,594.0,16.2625,12.108333333333334,88.33333333333333,0.1825,1.3333333333333333,0.9375,148.66666666666666,89.58333333333333
2025-12-24,35.3375,32.84166666666666,514.9583333333334,17.662499999999998,13.987499999999999,76.54166666666667,0.11166666666666668,4.25,0.9791666666666666,104.16666666666667,69.54166666666667
2025-12-25,31.900000000000002,31.21666666666667,656.625,33.62916666666667,14.5,69.29166666666667,0.07375,0.2916666666666667,1.01875,85.70833333333333,62.916666666666664
2025-12-26,45.00416666666666,44.275,704.625,35.416666666666664,16.358333333333334,77.375,0.12375000000000001,0.9166666666666666,1.0354166666666667,108.83333333333333,71.125
2025-12-27,50.050000000000004,49.387499999999996,717.6666666666666,35.6,17.216666666666665,73.25,0.13,0.9583333333333334,0.9895833333333334,130.20833333333334,78.04166666666667
2025-12-28,50.2125,49.5,782.375,39.21666666666667,17.983333333333334,73.08333333333333,0.12041666666666667,0.6666666666666666,1.0458333333333332,140.20833333333334,81.33333333333333
2025-12-29,50.88333333333333,50.270833333333336,840.4583333333334,29.15416666666667,19.408333333333335,80.875,0.13083333333333333,1.25,1.0041666666666667,136.625,80.125
2025-12-30,67.74583333333334,66.41250000000001,712.875,22.558333333333334,19.833333333333332,91.25,0.2629166666666667,2.4583333333333335,0.9291666666666667,144.70833333333334,84.16666666666667
2025-12-31,69.53750000000001,67.54583333333333,623.6666666666666,18.283333333333335,22.337500000000002,91.95833333333333,0.5375,3.5,0.8270833333333333,157.29166666666666,95.45833333333333
2026-01-01,67.92083333333333,61.11666666666667,668.625,16.595833333333335,12.083333333333334,77.54166666666667,0.5750000000000001,12.041666666666666,0.8166666666666668,154.75,91.45833333333333
2026-01-02,72.74166666666666,60.59166666666667,554.5833333333334,17.462500000000002,7.675,68.33333333333333,0.4691666666666667,22.291666666666668,0.7854166666666668,152.70833333333334,88.45833333333333
2026-01-03,77.74166666666666,68.50416666666666,883.4583333333334,23.525000000000002,10.391666666666667,75.08333333333333,0.41583333333333333,17.25,0.9083333333333333,153.0,88.83333333333333
2026-01-04,91.6125,80.34166666666667,908.375,27.179166666666664,13.200000000000001,80.83333333333333,0.4379166666666667,21.0,0.9020833333333332,160.16666666666666,99.66666666666667
2026-01-05,83.97500000000001,78.65416666666667,935.5416666666666,30.945833333333336,13.8375,81.91666666666667,0.3429166666666667,9.708333333333334,0.9895833333333334,162.5,103.375
2026-01-06,89.71666666666665,84.57083333333334,806.8333333333334,24.920833333333334,12.845833333333333,87.16666666666667,0.48458333333333337,9.416666666666666,0.8895833333333334,164.625,106.66666666666667
2026-01-07,76.95,73.70416666666667,728.25,16.787499999999998,12.112499999999999,98.75,0.4679166666666667,5.958333333333333,0.8666666666666667,164.54166666666666,106.54166666666667
2026-01-08,56.4375,54.604166666666664,546.75,11.1,9.429166666666667,94.375,0.48625,3.2916666666666665,0.9145833333333333,154.08333333333334,90.875
2026-01-09,85.6375,81.97083333333333,733.2916666666666,10.608333333333333,19.495833333333334,103.70833333333333,0.8579166666666667,6.625,0.7541666666666668,152.66666666666666,89.66666666666667
2026-01-10,79.35000000000001,76.87083333333334,768.2083333333334,13.741666666666667,16.979166666666668,95.125,0.6929166666666666,4.5,0.8020833333333334,165.33333333333334,107.70833333333333
2026-01-11,65.85416666666667,64.47500000000001,702.0416666666666,15.454166666666666,14.866666666666667,98.04166666666667,0.5320833333333334,2.5,0.8520833333333333,156.08333333333334,93.66666666666667
2026-01-12,62.737500000000004,61.75833333333333,700.7916666666666,21.925,16.679166666666667,83.79166666666667,0.3975,1.6666666666666667,0.9166666666666666,155.125,92.20833333333333
2026-01-13,67.04166666666667,65.79583333333333,879.25,25.4375,17.6875,87.08333333333333,0.39041666666666663,2.2916666666666665,0.9249999999999999,152.04166666666666,87.58333333333333
2026-01-14,69.49166666666666,68.35833333333333,749.5833333333334,29.870833333333334,17.791666666666668,71.625,0.30875,2.0416666666666665,0.9583333333333334,161.5,101.875
2026-01-15,46.083333333333336,45.387499999999996,845.5,29.925,14.116666666666667,82.29166666666667,0.11583333333333333,1.1666666666666667,1.0854166666666667,128.20833333333334,78.41666666666667
2026-01-16,62.82916666666667,60.7125,768.4583333333334,28.316666666666666,20.954166666666666,89.375,0.13875,4.166666666666667,1.0354166666666667,150.0,88.20833333333333
2026-01-17,50.65,49.541666666666664,663.0416666666666,17.583333333333332,18.283333333333335,96.20833333333333,0.20541666666666666,2.125,1.0145833333333334,141.16666666666666,82.0
2026-01-18,51.925000000000004,51.15,566.7916666666666,16.066666666666666,18.420833333333334,93.20833333333333,0.4845833333333333,1.4583333333333333,0.90625,131.70833333333334,78.625
2026-01-19,81.625,79.91250000000001,628.625,20.2,17.495833333333334,84.54166666666667,0.7591666666666667,3.1666666666666665,0.7104166666666667,153.04166666666666,90.79166666666667
2026-01-20,86.5625,83.7,884.4166666666666,31.55,16.233333333333334,77.66666666666667,0.4716666666666667,5.125,0.9041666666666667,167.625,111.125
2026-01-21,70.075,67.53750000000001,689.5833333333334,28.087500000000002,13.929166666666667,87.5,0.3016666666666667,4.541666666666667,0.9958333333333332,158.16666666666666,96.75
2026-01-22,66.69583333333334,65.39583333333333,572.0833333333334,11.975,18.020833333333332,105.875,0.7050000000000001,2.2083333333333335,0.8916666666666666,157.75,96.33333333333333
2026-01-23,39.895833333333336,33.145833333333336,309.9583333333333,8.858333333333333,8.329166666666667,83.41666666666667,0.7391666666666666,12.416666666666666,0.7520833333333333,132.5,79.70833333333333
2026-01-24,26.554166666666664,18.495833333333334,319.125,9.1,6.325,76.54166666666667,0.1225,14.458333333333334,0.9479166666666666,67.95833333333333,46.375
2026-01-25,30.333333333333332,27.425,472.5,12.920833333333334,8.829166666666667,76.95833333333333,0.12583333333333332,5.125,1.14375,76.25,54.666666666666664
2026-01-26,43.92916666666667,40.71666666666667,548.25,13.025,11.570833333333333,84.83333333333333,0.45375000000000004,5.791666666666667,1.0145833333333334,94.95833333333333,66.41666666666667
2026-01-27,76.9375,73.925,580.625,12.512500000000001,13.291666666666666,90.08333333333333,1.0129166666666667,5.166666666666667,0.6270833333333333,138.08333333333334,82.5
2026-01-28,77.80416666666666,72.89583333333333,481.0416666666667,10.325000000000001,8.808333333333334,91.75,0.5133333333333333,8.708333333333334,1.0458333333333334,163.0,104.20833333333333
2026-01-29,67.58333333333333,61.791666666666664,547.5,20.933333333333334,10.016666666666667,70.125,0.33916666666666667,10.375,1.16875,155.83333333333334,93.25
2026-01-30,57.074999999999996,53.4625,576.4166666666666,16.691666666666666,10.200000000000001,80.75,0.29333333333333333,6.541666666666667,1.13125,151.79166666666666,87.29166666666667
2026-01-31,57.46666666666667,54.75416666666666,509.8333333333333,10.4625,10.720833333333333,87.83333333333333,0.8537499999999999,4.583333333333333,0.6375000000000001,132.45833333333334,78.75
2026-02-01,62.550000000000004,60.52916666666667,514.0416666666666,22.179166666666664,12.745833333333332,79.625,0.7141666666666667,3.4583333333333335,0.8083333333333332,151.16666666666666,86.29166666666667
2026-02-02,61.86666666666667,57.76666666666667,512.9583333333334,17.841666666666665,9.795833333333333,75.58333333333333,0.3641666666666667,7.416666666666667,1.0583333333333333,155.41666666666666,92.54166666666667
2026-02-03,61.59166666666667,56.5625,570.0,13.420833333333334,9.554166666666667,84.16666666666667,0.36083333333333334,9.25,1.0229166666666667,151.125,85.79166666666667
2026-02-04,51.42916666666667,47.74166666666667,526.5416666666666,15.354166666666666,8.691666666666666,83.83333333333333,0.255,6.5,1.1916666666666667,141.25,81.70833333333333
2026-02-05,49.4625,46.1625,603.0,22.28333333333333,11.079166666666666,83.66666666666667,0.19125,5.916666666666667,1.2770833333333333,121.04166666666667,75.0
2026-02-06,38.12083333333333,36.97083333333333,628.0833333333334,33.862500000000004,11.166666666666666,72.5,0.12708333333333335,1.5833333333333333,1.3354166666666665,119.625,74.5
2026-02-07,40.13333333333333,31.587500000000002,464.2083333333333,31.549999999999997,10.283333333333333,73.04166666666667,0.14625000000000002,14.208333333333334,1.2625,97.79166666666667,67.45833333333333
2026-02-08,45.82916666666667,33.449999999999996,618.3333333333334,26.25,10.495833333333334,77.375,0.135,22.666666666666668,1.35625,88.45833333333333,63.5
2026-02-09,40.791666666666664,35.916666666666664,549.6666666666666,18.366666666666667,12.516666666666666,95.41666666666667,0.22958333333333333,8.916666666666666,1.2958333333333332,110.625,71.375
2026-02-10,36.862500000000004,34.104166666666664,478.375,13.641666666666666,11.945833333333333,98.375,0.3658333333333333,5.25,1.1895833333333334,89.125,63.875
2026-02-11,47.96666666666667,45.18333333333334,476.5416666666667,14.804166666666667,10.891666666666666,96.20833333333333,0.44416666666666665,5.208333333333333,1.1729166666666666,119.54166666666667,74.66666666666667
2026-02-12,47.4,35.550000000000004,467.25,13.200000000000001,10.6875,104.83333333333333,0.3445833333333333,22.291666666666668,1.2270833333333333,111.20833333333333,70.875
2026-02-13,31.891666666666666,29.254166666666666,517.375,17.179166666666667,8.683333333333334,88.58333333333333,0.19708333333333336,4.916666666666667,1.3708333333333333,103.625,68.45833333333333
2026-02-14,22.162499999999998,21.316666666666666,538.5833333333334,18.1375,9.0375,89.04166666666667,0.12416666666666666,1.0833333333333333,1.39375,82.33333333333333,56.5
2026-02-15,24.416666666666668,20.541666666666668,446.1666666666667,22.7,8.141666666666667,74.91666666666667,0.09416666666666666,6.25,1.4229166666666666,71.125,50.125
2026-02-16,28.520833333333332,22.004166666666666,473.875,14.625,10.979166666666666,92.75,0.13541666666666666,12.333333333333334,1.4520833333333334,77.66666666666667,52.208333333333336
2026-02-17,31.191666666666666,20.325,317.5,8.479166666666666,9.579166666666667,100.41666666666667,0.5941666666666666,21.208333333333332,1.01875,67.625,46.083333333333336
2026-02-18,45.46666666666667,41.74583333333333,309.1666666666667,8.2125,6.029166666666666,101.25,1.1833333333333333,6.583333333333333,0.6645833333333333,81.91666666666667,56.708333333333336
